POINT;MSE_ARIMA;MAE_ARIMA;MAPE_ARIMA;R^2_ARIMA;KS_ARIMA;MSE_HYB;MAE_HYB;MAPE_HYB;R^2_HYB;KS_HYB;MSE_DIF;MAE_DIF;MAPE_DIF;R^2_DIF;KS_DIF;lat;lon
76.04_8.72;0.0003127737396109245;0.013806357019094485;27.756;-0.4149043630641145;8.658554564193033e-15;0.00023635418202242576;0.0119099339593985;25.055;-0.06920281666862693;1.5364444832351852e-06;-7.641955758849874e-05;-0.0018964230596959855;-2.7010000000000005;-0.34570154639548756;1.5364444745766306e-06;76.04;8.72
75.84_8.72;0.00022251737365371058;0.011373351870994287;29.05;-0.10582168758661248;1.2816948298605628e-08;0.00013692071151233566;0.008943330497150221;24.668;0.3195592335825419;8.4241712104857e-06;-8.559666214137492e-05;-0.002430021373844066;-4.3820000000000014;0.21373754599592942;8.411354262187095e-06;75.84;8.72
75.64_8.72;0.0001533351371863286;0.009308080038094637;26.323;0.15105882026223594;0.0009038796581649633;0.00011524514844200826;0.008078288858796405;23.437;0.36194433922523417;7.562515901802559e-05;-3.8089988744320326e-05;-0.0012297911792982317;-2.8859999999999992;0.21088551896299823;-0.0008282544991469377;75.64;8.72
75.44_8.72;0.00017200713404201824;0.009842160695808323;32.949;0.10768785952556759;1.3914233624326494e-06;0.00019225525467647938;0.010674581578949112;34.441;0.0026477752026292656;1.0777231655514948e-06;2.0248120634461133e-05;0.0008324208831407883;1.4920000000000044;-0.10504008432293832;-3.1370019688115454e-07;75.44;8.72
76.44_9.72;0.00032471194208894005;0.014417824152363822;22.264;-0.13396817822096518;3.331729884177142e-13;0.0005452488676076639;0.019036857730265908;29.027;-0.9041334331607462;2.8603797846006955e-18;0.00022053692551872385;0.004619033577902085;6.763000000000002;0.770165254939781;-3.331701280379296e-13;76.44;9.72
76.24_9.72;0.0004222017975702246;0.016520922138942913;24.432;-0.4267847052838578;3.691738920883088e-16;0.0006072239859624715;0.019386915126808766;28.426;-1.0520469141504551;6.194300833167745e-12;0.00018502218839224697;0.002865992987865853;3.9939999999999998;0.6252622088665973;6.193931659275657e-12;76.24;9.72
76.04_9.72;0.00035496423019543415;0.015062049686094805;24.08;-0.5478093022019594;2.3542398803350946e-17;0.00023156405269561292;0.011630544525143076;19.083;-0.009727077628411296;2.0350147455274122e-10;-0.00012340017749982123;-0.003431505160951729;-4.997;-0.5380822245735482;2.035014510103424e-10;76.04;9.72
75.84_9.72;0.0001894564254611486;0.010549545561554206;20.174;-0.00042926827154787794;5.006285375508477e-09;0.00011474577590828126;0.008065946397286586;17.63;0.39408213603864506;0.0002942052744104278;-7.471064955286735e-05;-0.00248359916426762;-2.5440000000000005;0.3936528677670972;0.00029420026812505227;75.84;9.72
75.64_9.72;0.00013274166337773306;0.008765917581734404;22.607;0.24296085280158897;0.004394508379831352;0.00019088358130396434;0.010439147698621034;29.431;-0.08862839237836573;1.9853904576538474e-08;5.814191792623128e-05;0.00167323011688663;6.824000000000002;-0.15433246042322324;-0.0043944885259267754;75.64;9.72
75.44_9.72;0.00023366493197986014;0.012135837674828903;38.582;-0.23010211353120535;7.26175156893348e-13;0.0002760176392006475;0.012882969458236365;39.759;-0.4530630611780233;1.4649522249023349e-08;4.2352707220787335e-05;0.000747131783407462;1.1769999999999996;0.22296094764681795;1.4648796073866455e-08;75.44;9.72
76.84_10.72;0.0001596203940661217;0.010267349789472044;21.882;0.15242513721196815;3.991445086993326e-09;0.0002541691488151353;0.012729858368220558;26.458;-0.3496231649616137;1.4093480203908763e-08;9.45487547490136e-05;0.002462508578748515;4.575999999999997;0.19719802774964557;1.0102035116915436e-08;76.84;10.72
76.64_10.72;0.0001596203940661217;0.010267349789472044;21.882;0.15242513721196815;3.991445086993326e-09;0.00018403042070387594;0.010623008525056933;22.044;0.022809337807436325;4.934247714862602e-10;2.441002663775425e-05;0.0003556587355848899;0.16199999999999903;-0.12961579940453183;-3.4980203155070656e-09;76.64;10.72
76.44_10.72;0.0002504793631806638;0.012605900479182534;19.273;-0.03943723210543304;3.9484296858389466e-11;0.0003066947225466322;0.013968868087028387;21.641;-0.27271927498187054;4.1844137045289943e-17;5.621535936596844e-05;0.0013629676078458532;2.3679999999999986;0.2332820428764375;-3.948425501425242e-11;76.44;10.72
76.24_10.72;0.000389012134450984;0.015903013950822935;22.268;-0.4087694780247988;8.573273986903906e-15;0.00051055517984258;0.018424414355154954;26.25;-0.8489257545263427;1.4245209946767641e-21;0.00012154304539159597;0.0025214004043320193;3.9819999999999993;0.4401562765015439;-8.573272562382911e-15;76.24;10.72
76.04_10.72;0.0004808150028578079;0.01808019078824813;27.005;-0.7135195693009431;2.081994549343099e-17;0.0005360910319026547;0.019059029458983464;29.38;-0.910511254083298;3.2060323855090227e-18;5.527602904484681e-05;0.0009788386707353346;2.375;0.19699168478235496;-1.7613913107921965e-17;76.04;10.72
75.84_10.72;0.00019091157140534268;0.011034249569691361;19.904;0.04710051794504144;7.3401421342382005e-09;0.00016173169020011844;0.010024563265667056;18.544;0.19274644963059073;4.270534640592127e-07;-2.917988120522424e-05;-0.001009686304024305;-1.3599999999999994;0.1456459316855493;4.197133219249745e-07;75.84;10.72
75.64_10.72;0.00011610992931334567;0.008573141029509332;19.038;0.325940076431007;0.0005037269209736851;0.0002149123165024723;0.01128365386035627;25.677;-0.24764333672745664;0.0002595946068355888;9.880238718912663e-05;0.002710512830846938;6.638999999999999;-0.07829673970355033;-0.00024413231413809633;75.64;10.72
75.44_10.72;0.00012328268578798223;0.008394106389215136;23.047;0.2762271670594074;2.5867075023225667e-06;0.00023116398995833926;0.011885305582216085;31.102;-0.35712662987998867;1.4601489354001834e-08;0.00010788130417035703;0.003491199193000949;8.055;0.08089946282058125;-2.572106012968565e-06;75.44;10.72
75.24_10.72;0.00013622568025049376;0.008894142530248124;23.83;0.23311037058761097;1.7201751149371155e-07;0.00016312962256726042;0.010267592261054479;26.698;0.08165321276613113;3.737525393799818e-09;2.690394231676666e-05;0.0013734497308063552;2.868000000000002;-0.15145715782147984;-1.6827998609991174e-07;75.24;10.72
77.24_11.72;0.00014893436946980605;0.010056484433896734;33.89;0.4500103051350627;0.020861083338795883;0.00015794274016935842;0.010194430494402239;34.784;0.4167439001412745;0.0012431919478514963;9.008370699552373e-06;0.00013794606050550502;0.8939999999999984;-0.03326640499378819;-0.019617891390944386;77.24;11.72
77.04_11.72;0.00013658840404268366;0.00948101012432671;27.119;0.46161554813560113;0.0011365064920791923;0.0001717155584646501;0.010887537415859199;31.927;0.3231564021226162;6.310118193204731e-07;3.5127154421966456e-05;0.0014065272915324886;4.808;-0.13845914601298492;-0.0011358754802598718;77.04;11.72
76.84_11.72;0.00011940357076376879;0.008737394912087594;21.678;0.4013979545183397;3.5226820196482566e-06;0.0001657800620993168;0.010252950323314162;26.571;0.1689001958822538;7.608171826899874e-05;4.6376491335548e-05;0.0015155554112265684;4.893000000000001;-0.2324977586360859;7.255903624935048e-05;76.84;11.72
76.64_11.72;0.00012652218322107956;0.008912664448062131;19.176;0.3214821668567608;3.560870202868426e-08;0.00016892844035437955;0.009413448269051161;20.633;0.09406432621197602;1.4799234984731618e-06;4.240625713329999e-05;0.0005007838209890297;1.4570000000000007;-0.22741784064478476;1.4443147964444775e-06;76.64;11.72
76.44_11.72;0.00025220983111642767;0.012832522577241308;21.372;-0.19760745524183676;9.372299581324586e-15;0.0003268231228997235;0.01450688531722807;25.823;-0.5519054384103019;3.0813703654965317e-15;7.461329178329583e-05;0.0016743627399867633;4.4510000000000005;0.35429798316846517;-6.290929215828054e-15;76.44;11.72
76.24_11.72;0.00025220983111642767;0.012832522577241308;21.372;-0.19760745524183676;9.372299581324586e-15;0.0002657879880176092;0.013327459104930751;22.566;-0.2620827449691103;2.9963687782070663e-18;1.3578156901181539e-05;0.0004949365276894439;1.193999999999999;0.06447528972727357;-9.369303212546378e-15;76.24;11.72
76.04_11.72;0.00034169899336822566;0.015121412295182131;24.518;-0.46434630799504895;5.821025260309043e-16;0.000499447128704449;0.017842055028310756;29.259;-1.1403737592195582;1.7785471265612162e-14;0.00015774813533622333;0.0027206427331286243;4.741;0.6760274512245092;1.7203368739581258e-14;76.04;11.72
75.84_11.72;0.00014474827992096248;0.009329981298394588;21.036;0.26991014550254666;8.811221365027971e-09;0.00020065548762593127;0.011186741325291778;23.944;-0.01207790410306675;1.5047539260545118e-06;5.590720770496879e-05;0.00185676002689719;2.9079999999999977;-0.2578322413994799;1.4959427046894838e-06;75.84;11.72
75.64_11.72;0.00014474827992096248;0.009329981298394588;21.036;0.26991014550254666;8.811221365027971e-09;0.00025039567461809364;0.012431516741035403;26.449;-0.2629603733359518;5.764694876376222e-06;0.00010564739469713115;0.0031015354426408154;5.413;-0.00694977216659487;5.755883655011194e-06;75.64;11.72
75.44_11.72;9.701649870939405e-05;0.007448866896387974;20.378;0.40607190397916004;0.0008154895665024586;0.00013013360914332378;0.008872585087744168;22.524;0.20333131235408608;0.010256011769981366;3.311711043392973e-05;0.001423718191356194;2.146000000000001;-0.20274059162507396;0.009440522203478907;75.44;11.72
75.24_11.72;0.00010401520160475887;0.00772086029198755;19.01;0.3324949747374769;0.00044071176786064073;0.00012854163978706358;0.008908310922936938;22.984;0.17509951247910271;0.00021863111131553782;2.4526438182304706e-05;0.0011874506309493878;3.974;-0.1573954622583742;-0.0002220806565451029;75.24;11.72
75.04_11.72;0.0001115507203354579;0.00786698079065698;16.665;0.2672846693496591;2.65815662558287e-06;9.984839624789053e-05;0.007613254957471888;17.26;0.3441508001770891;0.001249456204614252;-1.1702324087567361e-05;-0.0002537258331850919;0.5950000000000024;0.07686613082742999;0.0012467980479886692;75.04;11.72
77.44_12.72;0.00027033893964412207;0.012591616262272157;-85.272;0.26040252871970304;2.2758304858070423e-05;0.0002084553470449676;0.0116747929800121;-128.78;0.42970462282544164;0.0006461964945031484;-6.188359259915447e-05;-0.0009168232822600562;43.507999999999996;0.1693020941057386;0.000623438189645078;77.44;12.72
77.24_12.72;0.00017432640054992692;0.011009242196998312;33.997;0.41687314091089367;0.07071972327012299;0.00015236863933268863;0.010107738959497771;32.51;0.49032248817467583;0.00542341555883441;-2.1957761217238298e-05;-0.0009015032375005415;-1.4870000000000019;0.07344934726378216;-0.06529630771128858;77.24;12.72
77.04_12.72;0.00015661669700909193;0.01045636325236469;79.002;0.46282710366999924;0.060305494191120856;0.00017645871291580533;0.010770577024716507;70.904;0.3947718237593495;0.0005794676897096229;1.9842015906713396e-05;0.00031421377235181687;-8.097999999999999;-0.06805527991064975;-0.059726026501411233;77.04;12.72
76.84_12.72;0.00012249757428834271;0.009021480714585755;38.298;0.5516839539407925;0.0005814154241957636;0.00018048275269722918;0.011132858729128363;40.345;0.3394700708060997;4.160830409347646e-06;5.798517840888647e-05;0.0021113780145426073;2.046999999999997;-0.2122138831346928;-0.000577254593786416;76.84;12.72
76.64_12.72;0.00012044070057310439;0.008931461936621444;24.762;0.4856443772613892;1.4075921158139196e-05;0.0002594687206385024;0.012044887392284381;29.606;-0.10809049391240677;1.5791407364578724e-05;0.000139028020065398;0.0031134254556629375;4.844000000000001;-0.37755388334898243;1.715486206439528e-06;76.64;12.72
76.44_12.72;0.00012044070057310439;0.008931461936621444;24.762;0.4856443772613892;1.4075921158139196e-05;0.00035162812879257533;0.015268574135411956;37.233;-0.5016676613213409;2.651237257042931e-07;0.00023118742821947094;0.0063371121987905125;12.470999999999997;0.01602328405995168;-1.3810797432434902e-05;76.44;12.72
76.24_12.72;0.0002041178745191215;0.011562132979896974;24.921;-0.0378961223747698;1.0274705484629681e-14;0.00036122943972466935;0.015356107474778377;36.904;-0.8367751264366758;2.1115244863744526e-05;0.00015711156520554784;0.0037939744948814035;11.983000000000004;0.798879004061906;2.111524485346982e-05;76.24;12.72
76.04_12.72;0.00021701570130250815;0.011932699022565912;25.992;-0.06237793176197104;3.2940225477293126e-15;0.0002802958492910884;0.013246410448294997;31.238;-0.3721593546645836;7.312260711819436e-05;6.328014798858027e-05;0.0013137114257290843;5.245999999999999;0.30978142290261257;7.312260711490034e-05;76.04;12.72
75.84_12.72;0.00011471446764965542;0.008021940453655048;28.226;0.4368119561553845;2.1150796323944644e-08;0.00021277354861689793;0.011788114019030883;33.187;-0.04460684935923065;0.003237565875707893;9.80590809672425e-05;0.003766173565375836;4.9609999999999985;-0.39220510679615384;0.003237544724911569;75.84;12.72
75.64_12.72;0.00011471446764965542;0.008021940453655048;28.226;0.4368119561553845;2.1150796323944644e-08;0.00016579727353363956;0.010199701848510998;28.721;0.1860220940801134;0.02849466380152821;5.1082805883984135e-05;0.0021777613948559503;0.495000000000001;-0.2507898620752711;0.028494642650731886;75.64;12.72
75.44_12.72;0.00011471446764965542;0.008021940453655048;28.226;0.4368119561553845;2.1150796323944644e-08;0.0001684407133910951;0.009971988433834308;30.411;0.173044186821824;0.0035144318440373246;5.372624574143967e-05;0.0019500479801792606;2.1850000000000023;-0.2637677693335605;0.0035144106932410006;75.44;12.72
75.24_12.72;9.526683067903556e-05;0.0074526122890890625;25.541;0.4502212112184042;2.187517124592336e-05;0.00014475693761599597;0.009373525952254285;30.607;0.16461696832989503;0.004042925612041337;4.9490106936960415e-05;0.0019209136631652222;5.065999999999999;-0.28560424288850916;0.004021050440795414;75.24;12.72
75.04_12.72;9.451724563571483e-05;0.007308543362810905;21.074;0.4339865717807113;3.014733066755345e-05;0.00013383733514332053;0.008961853949304254;24.011;0.19851950425880804;8.325033231376963e-06;3.9320089507605696e-05;0.0016533105864933485;2.9369999999999976;-0.23546706752190327;-2.1822297436176487e-05;75.04;12.72
74.84_12.72;0.00012155548013782957;0.008642073947567025;16.961;0.3646263786083348;1.2055534275115376e-08;0.000225697810792024;0.011857164933747725;22.328;-0.1797282625225758;3.992287993688772e-13;0.00010414233065419443;0.0032150909861807;5.367000000000001;-0.184898116085759;-1.2055135046316007e-08;74.84;12.72
76.84_13.72;0.0002240256843356226;0.012210551092459273;74.057;0.35396138009397893;0.0005254817947559881;0.00024583540747308714;0.012855665109858659;134.752;0.2910671477739416;4.912048234401506e-08;2.1809723137464535e-05;0.0006451140173993862;60.69500000000001;-0.06289423232003732;-0.000525432674273644;76.84;13.72
76.64_13.72;0.00014972850928117614;0.010234913386986625;141.758;0.5312485956204094;0.00014951007214070522;0.0002424239435532171;0.012147808595041129;146.105;0.24104925280188105;1.2900448220736158e-08;9.269543427204097e-05;0.0019128952080545037;4.34699999999998;-0.2901993428185283;-0.00014949717169248448;76.64;13.72
76.44_13.72;0.00014972850928117614;0.010234913386986625;141.758;0.5312485956204094;0.00014951007214070522;0.0003753428194477326;0.015554132819215036;242.862;-0.17507664094562148;0.17337793661126488;0.00022561431016655649;0.005319219432228411;101.10399999999998;-0.3561719546747879;0.17322842653912418;76.44;13.72
76.24_13.72;0.00016972506592071208;0.01057408216520752;32.477;0.31865200697962015;7.271472763586156e-11;0.0004193981552239371;0.016331799248189376;65.381;-0.6836410685017595;0.027751070818187618;0.00024967308930322503;0.0057577170829818565;32.904;0.3649890615221394;0.02775107074547289;76.24;13.72
76.04_13.72;0.00016972506592071208;0.01057408216520752;32.477;0.31865200697962015;7.271472763586156e-11;0.0003166125551820008;0.014228714331249758;36.387;-0.2710163220032964;9.169897942062844e-05;0.00014688748926128874;0.0036546321660422387;3.9100000000000037;-0.047635684976323756;9.16989067059008e-05;76.04;13.72
75.84_13.72;0.00017155800087189925;0.010600234776544601;32.673;0.28895176914815335;1.2569753400998843e-11;0.0002151858395854047;0.011522571759238391;30.611;0.10812955522942602;2.0493501683234826e-07;4.362783871350546e-05;0.0009223369826937902;-2.062000000000001;-0.18082221391872733;2.0492244707894725e-07;75.84;13.72
75.64_13.72;0.00011369200366582964;0.008426413117363342;26.99;0.501140154021619;2.6265190185827726e-07;0.0002111123757984185;0.01147868287424042;39.504;0.0736772694720138;0.02180925731886152;9.742037213258885e-05;0.003052269756877078;12.514;-0.42746288454960524;0.02180899466695966;75.64;13.72
75.44_13.72;0.00011369200366582964;0.008426413117363342;26.99;0.501140154021619;2.6265190185827726e-07;0.00023769683003166018;0.012424775855484895;37.242;-0.0429704833743032;0.3019814700561052;0.00012400482636583054;0.0039983627381215536;10.251999999999999;-0.45816967064731584;0.30198120740420337;75.44;13.72
75.24_13.72;9.361776246646378e-05;0.0074066281460186045;-16.543;0.5325273706542477;2.9136778521848064e-06;0.00025368389089391055;0.012514517239375089;22.126;-0.2667497318291423;0.0758962228889537;0.0001600661284274468;0.005107889093356484;5.583000000000002;-0.2657776388251054;0.07589330921110152;75.24;13.72
75.04_13.72;8.963009397216204e-05;0.007153752417870379;14.469;0.5218625564596557;2.669859714067678e-06;0.00017821803135813008;0.010620356132741473;29.139;0.04928456358826083;0.004937110866624406;8.858793738596804e-05;0.003466603714871094;14.67;-0.4725779928713949;0.004934441006910338;75.04;13.72
74.84_13.72;8.85534400652279e-05;0.007091742357775365;26.45;0.5110643391979037;2.6257757153722176e-06;0.00011818724191820078;0.008527994815777238;32.821;0.3474453710314592;9.240629095713879e-05;2.9633801852972874e-05;0.0014362524580018732;6.370999999999999;-0.1636189681664445;8.978051524176657e-05;74.84;13.72
76.64_14.72;0.0005968042723765387;0.019078179515675545;58.669;-0.5028822941837734;8.822003791195925e-17;0.0004422650203541342;0.01701011390459731;53.285;-0.11371901843171828;1.536985152866461e-17;-0.0001545392520224045;-0.002068065611078234;-5.384;-0.3891632757520551;-7.285018638329465e-17;76.64;14.72
76.44_14.72;0.00021045891865827912;0.0120937028232306;2776.552;0.43892164297971303;0.001683017827058042;0.00026862539886181547;0.013077318676066351;1067.419;0.283851221852804;3.628667343080565e-08;5.8166480203536344e-05;0.0009836158528357519;-1709.133;-0.15507042112690905;-0.0016829815403846113;76.44;14.72
76.24_14.72;0.00016725524260589522;0.010850601581589186;20.602;0.5598976365102666;0.00475447577682675;0.00022230108511697404;0.011551030320865359;26.827;0.41505431194857934;2.756953332873529e-06;5.504584251107882e-05;0.0007004287392761727;6.225000000000001;-0.14484332456168725;-0.004751718823493877;76.24;14.72
76.04_14.72;0.00019106848538692233;0.011808680423669607;45.168;0.5402809228925693;0.0013720870360375281;0.00030740427223523517;0.01353604798546171;37.19;0.2603719653469536;2.082479533924147e-06;0.00011633578684831284;0.001727367561792103;-7.9780000000000015;-0.27990895754561573;-0.001370004556503604;76.04;14.72
75.84_14.72;0.0001840741578111295;0.011534438550163447;-2386.033;0.5109546279895971;6.92403764788104e-05;0.0004286428211168404;0.016231600028641054;-2365.182;-0.13881160943711413;1.2380125899899934e-08;0.0002445686633057109;0.0046971614784776065;-20.851000000000113;-0.372143018552483;-6.92279963529105e-05;75.84;14.72
75.64_14.72;0.00018208492319275532;0.011405737635687639;311.123;0.44893495187486765;5.031674200121344e-06;0.0002992940522778276;0.013676483429973388;790.008;0.09421116020983622;2.9194495416238345e-07;0.00011720912908507228;0.0022707457942857494;478.88500000000005;-0.35472379166503143;-4.7397292459589605e-06;75.64;14.72
75.44_14.72;0.00015909907209498835;0.010622502718098037;37.137;0.45710435623768775;2.697308884423579e-06;0.00018833475721928336;0.01109097198809424;56.988;0.3573430824138515;1.7391489992287986e-07;2.923568512429501e-05;0.00046846926999620335;19.851;-0.09976127382383626;-2.5233939845006994e-06;75.44;14.72
75.24_14.72;9.954663181715705e-05;0.00812756951994047;-17.612;0.5553039170221034;3.9436362147933176e-05;0.0001813459155384757;0.01139145363309878;-19.298;0.18988903158347237;0.04460288892632336;8.179928372131865e-05;0.003263884113158309;1.686;-0.365414885438631;0.044563452564175425;75.24;14.72
75.04_14.72;9.954663181715705e-05;0.00812756951994047;-17.612;0.5553039170221034;3.9436362147933176e-05;0.0005076382707130957;0.017403904888329005;-25.817;-1.267728665801822;0.00014508473249663954;0.0004080916388959387;0.009276335368388535;8.205000000000002;0.7124247487797187;0.00010564837034870636;75.04;14.72
74.84_14.72;8.948180311209502e-05;0.007488128908467414;37.365;0.5260657120520538;8.544471220627347e-05;0.00047433766120850377;0.016426229537103272;81.036;-1.5122971810271904;2.9205828394735996e-06;0.00038485585809640874;0.008938100628635858;43.671;0.9862314689751366;-8.252412936679986e-05;74.84;14.72
74.64_14.72;8.948180311209502e-05;0.007488128908467414;37.365;0.5260657120520538;8.544471220627347e-05;0.00028978364469192853;0.013234633863111417;55.714;-0.5348193770076828;0.007197044716090728;0.0002003018415798335;0.005746504954644002;18.348999999999997;0.008753664955629015;0.007111600003884454;74.64;14.72
76.24_15.72;0.0002754148530060288;0.013441945705586416;13.182;0.37360697071479554;0.002420349966960389;0.0002723632147093496;0.013637826122299492;-49.315;0.38054750037787;4.888097258854735e-09;-3.0516382966791922e-06;0.0001958804167130762;36.132999999999996;0.006940529663074457;-0.00242034507886313;76.24;15.72
76.04_15.72;0.00021932637710324936;0.012649940740931636;-3.892;0.5383487081774273;0.07774197336480237;0.00019515132363033506;0.011292044332389799;-2.381;0.5892338083329677;1.6544287260613105e-07;-2.4175053472914307e-05;-0.0013578964085418366;-1.5110000000000001;0.050885100155540375;-0.07774180792192976;76.04;15.72
75.84_15.72;0.00021665071576583607;0.012637772832874474;1.866;0.5237298110580801;0.007574122059212263;0.0002811050823376719;0.014581505485688422;-0.178;0.38203771815736143;7.133684507563826e-20;6.445436657183585e-05;0.001943732652813947;-1.6880000000000002;-0.1416920929007187;-0.007574122059212263;75.84;15.72
75.64_15.72;0.0002607782246170272;0.013523051463774713;10.849;0.4204687940983257;4.95463758255875e-06;0.00032140386358126634;0.014700939563184317;13.479;0.2857395631239884;1.6117668029200124e-13;6.062563896423913e-05;0.001177888099409604;2.629999999999999;-0.1347292309743373;-4.9546374213820695e-06;75.64;15.72
75.44_15.72;0.00025455179760476375;0.013361312125429625;44.639;0.4359570423271385;1.089431868564972e-05;0.00025602405423135713;0.012633423899741794;31.494;0.4326947751189275;2.122491634909682e-17;1.4722566265933774e-06;-0.0007278882256878307;-13.145000000000003;-0.0032622672082109894;-1.0894318685628496e-05;75.44;15.72
75.24_15.72;0.00020379681875543775;0.01203474761778528;40.112;0.5236239635369158;0.0015707362740362552;0.000226656510850715;0.011898826624905594;26.334;0.47018932416610815;2.5248030576718075e-11;2.285969209527724e-05;-0.0001359209928796859;-13.778000000000002;-0.05343463937080761;-0.0015707362487882245;75.24;15.72
75.04_15.72;0.00013231347033006667;0.009737510361156006;-161.007;0.5692776164807265;0.0010179953632789562;0.00014905451027368775;0.0093951872883997;-25.126;0.5147802126327279;2.2280109116179335e-12;1.6741039943621078e-05;-0.00034232307275630647;-135.881;-0.054497403847998616;-0.0010179953610509453;75.04;15.72
74.84_15.72;0.00011951489587544916;0.00920498123830701;1159.943;0.5752267642211493;0.001892640759487918;0.00012356396270975616;0.00906829934252063;516.648;0.5608357947232063;6.201878723389198e-06;4.0490668343069974e-06;-0.00013668189578638044;-643.295;-0.01439096949794294;-0.0018864388807645288;74.84;15.72
74.64_15.72;0.0001062331702216187;0.008632681977265317;5.934;0.5793902906989661;0.0012655153640858119;0.000130894109134305;0.009175654226541138;28.86;0.48175006848290447;0.0036527311846837884;2.46609389126863e-05;0.0005429722492758214;22.926;-0.09764022221606161;0.0023872158205979765;74.64;15.72
74.44_15.72;0.00010868728096477031;0.008845243838108871;30.576;0.5827626765711067;4.718197489322289e-05;0.00015029922887182352;0.009808385220632349;32.517;0.423019442466013;0.0007803312823935205;4.16119479070532e-05;0.0009631413825234771;1.9410000000000025;-0.15974323410509372;0.0007331493075002976;74.44;15.72
76.24_16.72;0.0004551089989538383;0.016160819075517262;66.717;-0.07863318330861113;1.62188910111863e-10;0.0003269322551530269;0.014850425524416696;75.513;0.2251526998750012;1.7702253861255008e-15;-0.0001281767438008114;-0.0013103935511005662;8.796000000000006;0.14651951656639006;-1.621871398864769e-10;76.24;16.72
76.04_16.72;0.00029502395584825986;0.013877180530868404;18.653;0.38815543139744646;0.0024646764915733366;0.00023647848623301908;0.012858969025725087;8.638;0.5095717668857912;3.76118499476225e-08;-5.854546961524078e-05;-0.0010182115051433176;-10.014999999999999;0.12141633548834474;-0.002464638879723389;76.04;16.72
75.84_16.72;0.0002555580627284551;0.013300032345132641;13.553;0.4947524002729211;0.004092430945209169;0.0002726682980949044;0.013737980096554307;10.344;0.460924841645473;8.700950241643292e-10;1.711023536644929e-05;0.0004379477514216655;-3.2090000000000014;-0.03382755862744813;-0.004092430075114145;75.84;16.72
75.64_16.72;0.0004967278432668916;0.017894727585886696;37.509;0.2976868047178558;8.954096442381146e-09;0.0005100365521190812;0.018167626444217082;38.091;0.2788698972991207;3.337382175502333e-13;1.3308708852189581e-05;0.0002728988583303865;0.5820000000000007;-0.018816907418735096;-8.953762704163596e-09;75.64;16.72
75.44_16.72;0.0004967278432668916;0.017894727585886696;37.509;0.2976868047178558;8.954096442381146e-09;0.00043766511607429607;0.016429431976307002;35.622;0.3811943697134059;7.325865155647521e-11;-5.906272719259555e-05;-0.0014652956095796942;-1.8870000000000005;0.08350756499555012;-8.880837790824671e-09;75.44;16.72
75.24_16.72;0.0004361008830299828;0.016843923901590483;54.21;0.38568557052777197;5.679696018352756e-07;0.00037680217755175046;0.015406009313021014;55.823;0.4692168171769504;6.548666640461533e-08;-5.9298705478232365e-05;-0.0014379145885694694;1.6129999999999995;0.08353124664917844;-5.024829354306602e-07;75.24;16.72
75.04_16.72;0.0004361008830299828;0.016843923901590483;54.21;0.38568557052777197;5.679696018352756e-07;0.0003860297212689789;0.015674286951923442;57.296;0.45621841824068987;6.005066408814767e-09;-5.00711617610039e-05;-0.0011696369496670411;3.0859999999999985;0.0705328477129179;-5.619645354264608e-07;75.04;16.72
74.84_16.72;0.0003641579626257658;0.015382982024119606;16.408;0.4305747483573177;7.712419479268126e-06;0.00031417626809107164;0.014304486295147037;12.595;0.5087299499701801;0.00011244984416613704;-4.998169453469418e-05;-0.0010784957289725686;-3.8130000000000006;0.07815520161286238;0.00010473742468686891;74.84;16.72
74.64_16.72;0.0003641579626257658;0.015382982024119606;16.408;0.4305747483573177;7.712419479268126e-06;0.00033961545161066817;0.014195886021403793;16.843;0.4689512962980724;3.308624521554887e-08;-2.4542511015097652e-05;-0.0011870960027158123;0.4349999999999987;0.038376547940754735;-7.679333234052577e-06;74.64;16.72
74.44_16.72;0.00044833746641847577;0.017177947953386348;314.285;0.43507870962835027;3.2975560703742795e-08;0.0003801347572037828;0.01567917679930519;226.235;0.5210165697947006;0.012594191061689242;-6.820270921469295e-05;-0.001498771154081157;-88.05000000000001;0.0859378601663503;0.012594158086128538;74.44;16.72
74.24_16.72;0.00044833746641847577;0.017177947953386348;314.285;0.43507870962835027;3.2975560703742795e-08;0.0003215785219453393;0.014088669236405272;185.967;0.5947995267395244;0.0012826994769745692;-0.00012675894447313645;-0.003089278716981076;-128.318;0.15972081711117414;0.0012826665014138655;74.24;16.72
76.24_17.72;0.00035067943807122;0.014943994610418534;64.632;0.41931080991424474;0.006284598298334165;0.0002430615443499537;0.012444301350089258;28.002;0.5975150065659038;0.003881210177604455;-0.00010761789372126627;-0.0024996932603292762;-36.63000000000001;0.1782041966516591;-0.0024033881207297103;76.24;17.72
76.04_17.72;0.0003419597453280808;0.01482486119748433;76.588;0.4325370541968384;0.007087432342736788;0.0003238685907095689;0.014249617171454298;37.113;0.4625583067947191;1.994025918596158e-07;-1.8091154618511923e-05;-0.0005752440260300314;-39.474999999999994;0.030021252597880688;-0.007087232940144929;76.04;17.72
75.84_17.72;0.00046120576240496643;0.01681519824714141;40.288;0.33662368107934226;3.389506595347848e-05;0.00046201969759782053;0.016856113735763113;32.713;0.3354529556112563;2.9598029076165307e-10;8.139351928540994e-07;4.0915488621701135e-05;-7.574999999999996;-0.0011707254680859425;-3.389476997318772e-05;75.84;17.72
75.64_17.72;0.00047177278844648727;0.01711155846799173;20.449;0.3072681495049606;2.503724721297283e-07;0.00044168365383403195;0.016446421204730024;16.204;0.35144980306856966;4.9272925192998495e-11;-3.0089134612455313e-05;-0.0006651372632617072;-4.245000000000001;0.044181653563609036;-2.503231992045353e-07;75.64;17.72
75.44_17.72;0.0008764815348323639;0.023560688388292478;31.508;0.08078748595500684;4.623677536049597e-14;0.0006668228816318362;0.020104502885936775;13.084;0.30066759756124195;5.89448534476979e-10;-0.00020965865320052767;-0.0034561855023557027;-18.424;0.2198801116062351;5.894022977016186e-10;75.44;17.72
75.24_17.72;0.0008764815348323639;0.023560688388292478;31.508;0.08078748595500684;4.623677536049597e-14;0.0006925463256839571;0.02058360807822347;13.661;0.2736900621114299;4.5405707688475234e-08;-0.0001839352091484068;-0.0029770803100690087;-17.847;0.19290257615642303;4.540566145169987e-08;75.24;17.72
75.04_17.72;0.0007888241338791165;0.022424756372881733;30.437;0.19200087587761172;2.080466788581636e-11;0.0007121440244514279;0.021072683486176656;37.646;0.27054495001806644;4.392054750589001e-10;-7.668010942768857e-05;-0.0013520728867050767;7.209;0.07854407414045472;4.1840080717308375e-10;75.04;17.72
74.84_17.72;0.0007888241338791165;0.022424756372881733;30.437;0.19200087587761172;2.080466788581636e-11;0.0007486932680482529;0.021960106129987635;40.69;0.23310725567630586;2.1578653012021257e-13;-4.0130865830863586e-05;-0.0004646502428940977;10.252999999999997;0.04110637979869414;-2.058888135569615e-11;74.84;17.72
74.64_17.72;0.0009235900397504808;0.02408316010161512;50.678;0.14559405473602027;1.3883924036906637e-14;0.0007591883358785433;0.021824579105738397;36.143;0.2976807892764449;1.3663964283514566e-08;-0.0001644017038719374;-0.002258580995876721;-14.534999999999997;0.15208673454042465;1.3663950399590529e-08;74.64;17.72
74.44_17.72;0.001076073648391317;0.026028997781046104;105.231;0.1976522214546863;1.2465519962697171e-15;0.000840663319497166;0.022648040379358456;115.73;0.37318012766929587;2.381174193738788e-06;-0.0002354103288941511;-0.003380957401687649;10.49900000000001;0.17552790621460956;2.381174192492236e-06;74.44;17.72
74.24_17.72;0.001076073648391317;0.026028997781046104;105.231;0.1976522214546863;1.2465519962697171e-15;0.000806296221772406;0.02242194353111661;111.409;0.3988051065503727;1.3124002674424605e-06;-0.0002697774266189111;-0.0036070542499294957;6.1780000000000115;0.2011528850956864;1.3124002661959086e-06;74.24;17.72
74.04_17.72;0.0008014081919489004;0.022417584611163326;-355.459;0.3765057233172956;4.1675103801046374e-08;0.000671193901224161;0.020325713636702037;-496.541;0.4778122308184686;0.0007489865308221155;-0.00013021429072473945;-0.0020918709744612886;141.082;0.10130650750117298;0.0007489448557183144;74.04;17.72
77.24_18.72;0.0016719036371341586;0.03548863249891169;83.782;-2.1490549605169673;2.108304228033206e-46;0.0004411442005484244;0.016968131432702982;29.351;0.16909844432090604;1.2945280408575285e-18;-0.0012307594365857343;-0.018520501066208707;-54.431;-1.9799565161960613;1.2945280408575285e-18;77.24;18.72
77.04_18.72;0.0015706060541175301;0.03425292257294683;79.895;-2.0211778786375545;2.174440036983587e-43;0.0005147190008182301;0.01845028517074123;30.019;0.009899614922727507;3.9046361950423705e-21;-0.0010558870532993;-0.015802637402205597;-49.876;-2.0112782637148268;3.9046361950423705e-21;77.04;18.72
76.84_18.72;0.0010024223008796955;0.02572237835632896;63.988;-0.9020802244425739;1.297582782204586e-29;0.00038873251105325384;0.015727536337295785;42.376;0.26238630044101874;5.024683365138876e-13;-0.0006136897898264416;-0.009994842019033175;-21.612000000000002;-0.6396939240015551;5.024683365138876e-13;76.84;18.72
76.64_18.72;0.0007657214559866271;0.021614737888964796;41.841;-0.3928639528614446;4.493262070081621e-21;0.0003311596289386122;0.014203537343640231;24.874;0.39761344522175657;1.3085684035980043e-09;-0.00043456182704801485;-0.007411200545324565;-16.967000000000002;0.004749492360311969;1.308568403593511e-09;76.64;18.72
76.44_18.72;0.00044256735213062516;0.016071386802843455;9.64;0.30714848184692023;6.477198391003615e-05;0.0003088178279551618;0.013377501550251388;24.863;0.5165370877418043;7.236114911164414e-05;-0.00013374952417546335;-0.002693885252592067;15.222999999999999;0.20938860589488406;7.589165201607993e-06;76.44;18.72
76.24_18.72;0.00044256735213062516;0.016071386802843455;9.64;0.30714848184692023;6.477198391003615e-05;0.00033203715632872707;0.013936459683080526;24.785;0.4801865823629726;1.2351245640654784e-05;-0.00011053019580189809;-0.0021349271197629287;15.145;0.1730381005160524;-5.242073826938137e-05;76.24;18.72
76.04_18.72;0.00047025950019513585;0.01684961335414608;27.133;0.33584099853339133;9.203524868911413e-06;0.0003595063636343483;0.014528121848778417;20.812;0.49226036391991634;4.4766373748127334e-05;-0.00011075313656078753;-0.002321491505367663;-6.320999999999998;0.156419365386525;3.556284887921592e-05;76.04;18.72
75.84_18.72;0.0009054020418181467;0.023607133885330932;64.48;0.11090517518230059;3.6519117027176085e-13;0.0006382686089368783;0.019436895654290333;41.389;0.3732272616595764;5.977753597868908e-06;-0.0002671334328812684;-0.0041702382310406;-23.091;0.26232208647727584;5.977753232677738e-06;75.84;18.72
75.64_18.72;0.0009054020418181467;0.023607133885330932;64.48;0.11090517518230059;3.6519117027176085e-13;0.000641064476493247;0.019471872748331807;44.442;0.37048175053807353;1.3551716384460682e-05;-0.00026433756532489975;-0.004135261136999125;-20.038000000000004;0.25957657535577294;1.3551716019269511e-05;75.64;18.72
75.44_18.72;0.0011982777435924619;0.027389490519627222;45.944;-0.06105568727496857;1.1179044187907575e-19;0.0008781297937909505;0.023129932471600667;28.492;0.22243017793679998;1.6548407824495513e-08;-0.00032014794980151143;-0.004259558048026555;-17.452;0.1613744906618314;1.654840782438372e-08;75.44;18.72
75.24_18.72;0.0012636937974959722;0.02818652649621026;133.162;-0.07905040034641564;5.163544275447801e-20;0.0009106663527973645;0.023801327181509974;213.795;0.22239478066984952;1.7079007648030593e-09;-0.0003530274446986077;-0.004385199314700286;80.63299999999998;0.14334438032343388;1.7079007647514238e-09;75.24;18.72
75.04_18.72;0.0013104007389370723;0.028860751861467457;68.649;-0.047826952043806825;2.0936532084641438e-21;0.0010110409824813855;0.025041140674701125;70.455;0.19154808175385196;3.187352827239934e-10;-0.00029935975645568685;-0.003819611186766332;1.8059999999999974;0.14372112971004514;3.1873528272189973e-10;75.04;18.72
74.84_18.72;0.0011533820336186475;0.02706527761478143;54.481;0.012737406835525933;2.3876392683329333e-18;0.0009539476256195801;0.024452285498390958;47.01;0.18344765293641307;1.848803665878826e-10;-0.00019943440799906733;-0.0026129921163904717;-7.471000000000004;0.17071024610088714;1.8488036420024333e-10;74.84;18.72
74.04_18.72;0.000962839415939596;0.02456505253846628;17.428;0.21725447765973183;7.217361514056449e-15;0.0006992158543587685;0.020220094424182437;-30.732;0.43156868104059143;0.00020625075195204;-0.00026362356158082746;-0.004344958114283842;13.303999999999998;0.2143142033808596;0.00020625075194482262;74.04;18.72
77.24_19.72;0.0018274662661858837;0.03706935775595832;74.303;-2.081924959815829;5.475924350932392e-47;0.0005259445429079143;0.018441816437409067;20.165;0.11302241564772408;1.0761695097897761e-17;-0.0013015217232779693;-0.018627541318549254;-54.138;-1.9689025441681047;1.0761695097897761e-17;77.24;19.72
77.04_19.72;0.0014417779514417752;0.03195390582277649;106.778;-1.4547081369640793;3.1451326055359194e-39;0.0005230936462943001;0.01824079540758899;75.794;0.10940361609165372;1.6878098070598854e-15;-0.0009186843051474751;-0.0137131104151875;-30.98400000000001;-1.3453045208724257;1.6878098070598854e-15;77.04;19.72
76.84_19.72;0.0014417779514417752;0.03195390582277649;106.778;-1.4547081369640793;3.1451326055359194e-39;0.0005932087851156611;0.01946637297853087;74.911;-0.009971355357347056;1.6878806757804308e-18;-0.0008485691663261141;-0.01248753284424562;-31.867000000000004;-1.4447367816067322;1.6878806757804308e-18;76.84;19.72
76.64_19.72;0.0008612863319227668;0.022860505253467136;45.104;-0.4568131012760075;2.998329561127324e-22;0.0004683878351848102;0.017080914343444997;29.931;0.2077506521527771;1.0596445073048414e-12;-0.00039289849673795657;-0.005779590910022139;-15.172999999999998;-0.2490624491232304;1.0596445070050084e-12;76.64;19.72
76.44_19.72;0.0005170296182017373;0.01706498531953752;28.616;0.2500750475887431;3.935765917289307e-07;0.0003539492547308348;0.014288520623848716;23.456;0.4866147534579882;0.0005150823564641321;-0.00016308036347090254;-0.0027764646956888028;-5.16;0.2365397058692451;0.0005146887798724032;76.44;19.72
76.24_19.72;0.0005170296182017373;0.01706498531953752;28.616;0.2500750475887431;3.935765917289307e-07;0.00038364489356721457;0.014840404763352034;26.72;0.44354275186038383;9.440258688015178e-06;-0.00013338472463452275;-0.002224580556185485;-1.8960000000000008;0.19346770427164073;9.046682096286247e-06;76.24;19.72
76.04_19.72;0.0007526592374571227;0.02137141218166261;43.607;0.1385561337644643;6.160448503145331e-13;0.0004936040151481843;0.01680789620905562;30.566;0.43505356735509515;0.00034570497311521103;-0.0002590552223089384;-0.004563515972606992;-13.041;0.29649743359063085;0.00034570497249916617;76.04;19.72
75.84_19.72;0.0009180880422564985;0.023870338597343742;50.677;0.08906664269335762;7.344983105975493e-15;0.0005678139076863601;0.018089158656219777;38.706;0.43661108145700955;0.00014520200334436445;-0.00035027413457013837;-0.005781179941123964;-11.970999999999997;0.34754443876365193;0.00014520200333701947;75.84;19.72
75.64_19.72;0.0012958953445347853;0.028579847407890813;36.642;-0.029021175381542808;1.584807677170335e-18;0.0008329427192280716;0.022460847786111047;14.537;0.3385918858491884;1.7787155572457236e-07;-0.0004629526253067137;-0.0061189996217797665;-22.105000000000004;0.3095707104676456;1.7787155572298756e-07;75.64;19.72
75.44_19.72;0.001412127642849686;0.02997347596920514;347.013;-0.11459217405280064;6.595292029244557e-22;0.0009304230822619328;0.02389404190860024;601.505;0.2656171761113074;2.7060453555736045e-09;-0.0004817045605877532;-0.006079434060604898;254.49200000000002;0.15102500205850677;2.706045355572945e-09;75.44;19.72
75.24_19.72;0.001412127642849686;0.02997347596920514;347.013;-0.11459217405280064;6.595292029244557e-22;0.0009472167984353578;0.024233698221833605;601.038;0.2523618980102499;1.5793471567530325e-10;-0.0004649108444143282;-0.005739777747371534;254.02500000000003;0.13776972395744924;1.5793471567464373e-10;75.24;19.72
75.04_19.72;0.001487708490130905;0.03098785931582337;-43.148;-0.14757867464693164;3.8287181477583265e-24;0.001013367369801613;0.025089569847349974;-140.187;0.21831542208577714;1.0756617921151421e-11;-0.00047434112032929197;-0.0058982894684733965;97.03900000000002;0.0707367474388455;1.0756617921147592e-11;75.04;19.72
74.84_19.72;0.0014698513945208688;0.03077768671138022;93.543;-0.1459616274974831;5.61133076692581e-24;0.0010201092307835283;0.02511984059132647;110.415;0.2046773988910887;2.203708982997739e-11;-0.00044974216373734046;-0.005657846120053749;16.872;0.05871577139360562;2.2037089829971777e-11;74.84;19.72
74.64_19.72;0.00148183782432279;0.03071352944277668;55.617;-0.16484936695858576;1.1605580318514534e-25;0.0010568716156947506;0.025411601749880438;39.434;0.169209874190418;5.872104049021159e-11;-0.00042496620862803947;-0.005301927692896242;-16.183;0.0043605072318322335;5.872104049021148e-11;74.64;19.72
74.24_19.72;0.0013148374977680342;0.02867625999028213;57.173;-0.07074406589783444;9.795686683274646e-25;0.0009807075524211552;0.023662057745462192;46.98;0.2013562178454089;2.29667283054574e-08;-0.00033412994534687897;-0.0050142022448199375;-10.193000000000005;0.13061215194757447;2.29667283054574e-08;74.24;19.72
74.04_19.72;0.0009352332782422926;0.023973276013684854;34.444;0.21365719019836493;1.7527243533054862e-15;0.000677096096059337;0.019572925858865154;22.476;0.43069856572930965;0.00047769379537027594;-0.00025813718218295565;-0.0044003501548196995;-11.968000000000004;0.2170413755309447;0.0004776937953685232;74.04;19.72
73.84_19.72;0.000802952259029245;0.022327778046564432;109.237;0.3160711352145801;1.0426788974637968e-11;0.000652849495311697;0.019416735204669994;42.189;0.44392383334959795;0.0010082472101162754;-0.00015010276371754802;-0.0029110428418944387;-67.048;0.12785269813501787;0.0010082471996894864;73.84;19.72
76.84_20.72;0.0016643637511351355;0.035587340785699355;65.693;-2.2804109583111765;8.643332219351402e-52;0.0005282380440198348;0.018700778187681805;30.856;-0.041141317225691365;8.525765645240115e-18;-0.0011361257071153008;-0.01688656259801755;-34.836999999999996;-2.2392696410854853;8.525765645240115e-18;76.84;20.72
76.64_20.72;0.0009379278647527385;0.024055813734994776;11.291;-0.5633107491047098;5.4258077496463745e-22;0.00034569745824378537;0.014454481460227021;7.374;0.42380158142208735;3.205926427707469e-06;-0.000592230406508953;-0.009601332274767754;-3.9170000000000007;-0.13950916768262245;3.2059264277074685e-06;76.64;20.72
76.44_20.72;0.0007186133838988386;0.020355409105201068;26.829;-0.05600012616640271;2.5719649918734335e-12;0.0003947179475735932;0.015170352865237876;4.905;0.419963207230586;2.6543388229615206e-07;-0.0003238954363252454;-0.005185056239963192;-21.924;0.3639630810641833;2.654313103311602e-07;76.44;20.72
76.24_20.72;0.000699206258350698;0.02019872866186341;42.505;0.12937348053366593;1.133536946496258e-11;0.00043156599924503786;0.015628446820179148;34.657;0.46262951832124033;4.047409415613061e-05;-0.00026764025910566014;-0.004570281841684263;-7.848000000000006;0.3332560377875744;4.0474082820761146e-05;76.24;20.72
76.04_20.72;0.0010604766829149302;0.025829729014246995;58.235;0.009028004643446108;1.8238612907114805e-17;0.000674185751999126;0.019999349918264565;46.598;0.37000104701677194;4.844795093146979e-07;-0.00038629093091580415;-0.0058303790959824305;-11.637;0.36097304237332584;4.844795092964593e-07;76.04;20.72
75.84_20.72;0.0010604766829149302;0.025829729014246995;58.235;0.009028004643446108;1.8238612907114805e-17;0.0006191724789136582;0.019164310746022765;45.893;0.4214086959343808;2.2689375842016967e-06;-0.00044130420400127204;-0.00666541826822423;-12.341999999999999;0.4123806912909347;2.268937584183458e-06;75.84;20.72
75.64_20.72;0.0013932488281121628;0.030006528090800885;42.002;-0.08474821771437058;1.0315463663953804e-21;0.000856016907231546;0.023013174674709706;20.053;0.3335269366700421;1.9874821556823455e-09;-0.0005372319208806168;-0.00699335341609118;-21.949;0.2487787189556715;1.987482155681314e-09;75.64;20.72
75.44_20.72;0.0014407363743705204;0.03053124940506344;37.38;-0.10329519716487856;3.5555587982899163e-22;0.000887749667358935;0.023370415447526296;14.157;0.3201740709088656;1.7198598043474992e-09;-0.0005529867070115854;-0.007160833957537145;-23.223000000000003;0.21687887374398707;1.7198598043471437e-09;75.44;20.72
75.24_20.72;0.0015121954479024623;0.031463240526496024;72.217;-0.17051264440170422;8.884620370650887e-24;0.000941946005060882;0.024226673536133496;61.578;0.2708880913530233;1.372850929391006e-10;-0.0005702494428415803;-0.007236566990362528;-10.638999999999996;0.10037544695131906;1.372850929390917e-10;75.24;20.72
75.04_20.72;0.0014515664232893075;0.030597490313493344;75.008;-0.24997321458239963;1.4959762986061143e-25;0.0009125808965142532;0.023451275880766845;66.269;0.21415812705454174;1.7921100947348193e-10;-0.0005389855267750543;-0.007146214432726498;-8.73899999999999;-0.03581508752785789;1.7921100947348178e-10;75.04;20.72
74.84_20.72;0.0014515664232893075;0.030597490313493344;75.008;-0.24997321458239963;1.4959762986061143e-25;0.0008983115919229572;0.023057120899049363;65.772;0.2264457139287407;2.702975419085166e-10;-0.0005532548313663503;-0.007540369414443981;-9.23599999999999;-0.02352750065365894;2.7029754190851644e-10;74.84;20.72
74.64_20.72;0.0013216621522371544;0.029125803665734976;64.041;-0.21982888662882272;1.6967573482579018e-25;0.000888214338481649;0.022390067825734595;56.693;0.18022203649861945;9.254128644012463e-09;-0.00043344781375550547;-0.006735735840000381;-7.347999999999999;-0.039606850130203264;9.254128644012463e-09;74.64;20.72
74.44_20.72;0.001274235057904281;0.02852485148132727;5.889;-0.1451464526731865;9.470139336643534e-26;0.0008815031657894881;0.02256569654436935;28.38;0.20779905005576715;1.3243646817645173e-10;-0.00039273189211479296;-0.005959154936957919;22.491;0.06265259738258067;1.3243646817645162e-10;74.44;20.72
74.24_20.72;0.0010431317454140028;0.025453981150030457;45.127;0.10460434691303722;2.5046647784452562e-18;0.0007241167327573908;0.02031713454918939;35.661;0.37843807583367794;3.7556510492447024e-06;-0.00031901501265661195;-0.005136846600841068;-9.466000000000001;0.27383372892064073;3.7556510492421977e-06;74.24;20.72
74.04_20.72;0.0008651601100772325;0.023126875628532252;37.379;0.2911187757629634;1.4609645100488032e-12;0.0006349262322892442;0.018991536438325532;258.888;0.479764173587211;0.002367200918861667;-0.00023023387778798828;-0.00413533919020672;221.509;0.1886453978242476;0.0023672009174007026;74.04;20.72
73.84_20.72;0.000798469840465147;0.02235803784121612;-38.288;0.3469894966769259;2.5960218742496276e-10;0.0008891478294654004;0.0226160194278659;23.666;0.2728305538634005;4.835376212328387e-06;9.067798900025338e-05;0.0002579815866497817;-14.621999999999996;-0.07415894281352542;4.835116610140962e-06;73.84;20.72
73.64_20.72;0.000710698203943974;0.02132939777153069;-123.21;0.3650022246821931;3.0903723101343247e-09;0.0010429351076357942;0.0247326485651032;20.513;0.0681537261887123;3.573392376430504e-11;0.00033223690369182024;0.00340325079357251;-102.69699999999999;-0.29684849849348083;-3.05463838637002e-09;73.64;20.72
76.64_21.72;0.001482305864124444;0.03366930404100531;94.685;-2.352436004889276;1.9513678186187263e-50;0.0005197599911142902;0.01848565687703731;45.593;-0.17550780192163606;3.845287620368752e-20;-0.0009625458730101538;-0.015183647163967997;-49.092;-2.1769282029676402;3.845287620368752e-20;76.64;21.72
76.44_21.72;0.0008994599101440461;0.023429933969803633;46.022;-0.16078049427712582;7.810619201112616e-18;0.00043060404890754795;0.015565863988129418;21.102;0.44429231910003886;3.21121801126567e-06;-0.00046885586123649814;-0.007864069981674215;-24.919999999999998;0.28351182482291304;3.2112180112578593e-06;76.44;21.72
76.24_21.72;0.0009646150171412465;0.02428663652047008;53.423;-0.04666385625586145;1.624130864092172e-18;0.0005708982933363238;0.018198555462643984;35.791;0.3805418756550517;1.5802169111584129e-07;-0.0003937167238049227;-0.006088081057826097;-17.632000000000005;0.33387801939919026;1.5802169111421715e-07;76.24;21.72
76.04_21.72;0.000998519833711091;0.024760147277245834;53.694;-0.03863603504272439;1.4500285112030528e-18;0.0005657341404742661;0.018253894852277294;35.907;0.4115371125211844;1.3341456555843695e-07;-0.0004327856932368249;-0.00650625242496854;-17.787000000000006;0.37290107747846;1.3341456555698691e-07;76.04;21.72
75.84_21.72;0.0012725517845809397;0.028422068826452075;70.466;-0.15129072926536957;2.2630214779695795e-23;0.0007109526637448342;0.02097552132084132;39.094;0.35679378974311093;3.409730812665341e-09;-0.0005615991208361055;-0.007446547505610756;-31.371999999999993;0.20550306047774136;3.4097308126653183e-09;75.84;21.72
75.64_21.72;0.0014639503958615654;0.030726396961342106;61.254;-0.2709984474633482;1.9889514768829662e-25;0.0008031095322442044;0.022373041686838957;29.577;0.30274210689723113;1.2131664922009547e-10;-0.000660840863617361;-0.00835335527450315;-31.676999999999996;0.03174365943388291;1.2131664922009526e-10;75.64;21.72
75.44_21.72;0.0014639503958615654;0.030726396961342106;61.254;-0.2709984474633482;1.9889514768829662e-25;0.0007944564592976732;0.022134972886319;30.221;0.31025468540529977;3.36759383318122e-10;-0.0006694939365638923;-0.008591424075023106;-31.032999999999998;0.039256237941951544;3.3675938331812177e-10;75.44;21.72
75.24_21.72;0.0014946818548928777;0.030931533998748;51.8;-0.33515009692692677;1.2047927898039744e-27;0.0008290893262781889;0.022389827985567032;4.39;0.2594017979694154;2.74889513530075e-10;-0.0006655925286146888;-0.00854170601318097;-47.41;-0.07574829895751134;2.74889513530075e-10;75.24;21.72
75.04_21.72;0.0013156723429673535;0.0288819716346264;59.407;-0.30138586768886144;1.8403990833989026e-26;0.0007765189366192819;0.020841713724057187;30.208;0.23191304011914493;5.213322866328027e-09;-0.0005391534063480715;-0.008040257910569212;-29.198999999999998;-0.06947282756971651;5.213322866328027e-09;75.04;21.72
74.84_21.72;0.0012687501755345733;0.028385871500337948;54.454;-0.24571497515825524;5.831501065476404e-25;0.0007515697216267811;0.02027475573847494;1.322;0.26207564329082533;5.987301007122969e-07;-0.0005171804539077922;-0.008111115761863009;-53.132;0.01636066813257009;5.987301007122969e-07;74.84;21.72
74.64_21.72;0.001113355400124204;0.02644403580867424;64.7;-0.045713709004103986;7.323195489390549e-22;0.000703186170721765;0.019895691871233603;17.138;0.33953576852115896;2.449659436802553e-06;-0.00041016922940243904;-0.006548343937440637;-47.562;0.293822059517055;2.449659436802552e-06;74.64;21.72
74.44_21.72;0.001113355400124204;0.02644403580867424;64.7;-0.045713709004103986;7.323195489390549e-22;0.000763412336452882;0.020837032167520173;25.373;0.28296863179306986;7.843791283435263e-09;-0.00034994306367132203;-0.005607003641154067;-39.327;0.23725492278896587;7.84379128343453e-09;74.44;21.72
74.24_21.72;0.0009612480090444724;0.024398044800258915;25.818;0.21343330353605083;5.517398152476702e-16;0.0007520297098838185;0.020750396358549642;-54.355;0.38463172981335103;1.0913842539029322e-06;-0.00020921829916065388;-0.003647648441709273;28.536999999999995;0.1711984262773002;1.0913842533511923e-06;74.24;21.72
74.04_21.72;0.0008226433835999004;0.022774482570265753;-19.868;0.3556674806273067;4.4052642512224414e-10;0.0008345240405096861;0.02160685451225107;125.694;0.34636199814109747;1.1111686304521773e-06;1.1880656909785711e-05;-0.0011676280580146838;105.82600000000001;-0.009305482486209216;1.110728104027055e-06;74.04;21.72
73.84_21.72;0.0007877985664206026;0.022398383468501443;90.903;0.36437099156692143;1.4432214854252653e-09;0.000956007875307558;0.0227524436486148;62.179;0.2286526483579222;1.084333275748859e-06;0.0001682093088869554;0.00035406018011335805;-28.724000000000004;-0.13571834320899923;1.0828900542634336e-06;73.84;21.72
73.64_21.72;0.000699384167260774;0.02117485586173133;-87.661;0.34875259906518374;1.2706635134987601e-08;0.0007699868764268648;0.02129100708816646;-176.51;0.28300928802704695;6.2742194516267e-08;7.060270916609088e-05;0.00011615122643512943;88.84899999999999;-0.0657433110381368;5.00355593812794e-08;73.64;21.72
76.64_22.72;0.0011301236958068935;0.026930177109646167;53.774;-0.43518425885626555;1.1535267546771144e-23;0.00046739076647179075;0.016757798650118037;23.088;0.4064438492317938;9.537376413074363e-09;-0.0006627329293351027;-0.01017237845952813;-30.686;-0.028740409624471774;9.537376413074351e-09;76.64;22.72
76.44_22.72;0.001159598227805;0.02704289445870378;65.837;-0.16464743625589295;1.5440209039092752e-22;0.0005836105784298798;0.019013912933085977;55.44;0.4138482211836584;1.9830464515470583e-09;-0.0005759876493751203;-0.008028981525617804;-10.397000000000006;0.24920078492776543;1.983046451546904e-09;76.44;22.72
76.24_22.72;0.0011956648760213262;0.02738205256940355;52.975;-0.221108104796629;3.1797130427541366e-23;0.0005831691951867663;0.01902926038570478;11.269;0.4044212178583839;3.264374663954029e-10;-0.0006124956808345599;-0.00835279218369877;-41.706;0.1833131130617549;3.264374663953711e-10;76.24;22.72
76.04_22.72;0.0014774135149536888;0.030714459964198297;34.3;-0.5324968731293287;1.3128639775674748e-30;0.0005925703446212711;0.019051814123702444;-10.217;0.3853364741490587;1.4971163690649615e-10;-0.0008848431703324176;-0.011662645840495853;-24.083;-0.14716039898027;1.4971163690649615e-10;76.04;22.72
75.84_22.72;0.0015208798269781426;0.03133988997686369;65.801;-0.6385498959938276;8.157117083224198e-32;0.0006539064431915138;0.01987326984599152;50.82;0.2955009886546762;7.469088439223213e-12;-0.0008669733837866288;-0.011466620130872171;-14.981000000000002;-0.3430489073391514;7.469088439223213e-12;75.84;22.72
75.64_22.72;0.001491401739965698;0.030891542676836924;18.202;-0.5414884639280857;2.9036712709878463e-29;0.0006288431823117968;0.01943049276741031;-36.897;0.35003796416668;4.521317865400688e-11;-0.0008625585576539012;-0.011461049909426615;18.694999999999997;-0.1914504997614057;4.521317865400688e-11;75.64;22.72
75.44_22.72;0.001504526303062866;0.030990400515141465;99.334;-0.5202049205886614;4.0953795408754847e-29;0.0006936095620956282;0.020137682559921818;119.734;0.29916235620570486;1.9926338747521357e-09;-0.0008109167409672378;-0.010852717955219648;20.39999999999999;-0.22104256438295655;1.9926338747521357e-09;75.44;22.72
75.24_22.72;0.0013573283480129165;0.0293138787505096;62.515;-0.4105294792300862;6.585971986596473e-28;0.0006938395848876673;0.019732518875090952;32.212;0.2789650420448544;3.2643590959496376e-08;-0.0006634887631252492;-0.009581359875418648;-30.302999999999997;-0.1315644371852318;3.2643590959496376e-08;75.24;22.72
75.04_22.72;0.0013573283480129165;0.0293138787505096;62.515;-0.4105294792300862;6.585971986596473e-28;0.000725304905213708;0.019871855576080347;33.025;0.24626642349889027;5.098203775203829e-08;-0.0006320234427992085;-0.009442023174429253;-29.490000000000002;-0.16426305573119593;5.098203775203829e-08;75.04;22.72
74.84_22.72;0.0011104521601437347;0.0263364335246285;54.248;-0.16430033456849014;8.223247518178358e-21;0.0006684761171298663;0.018753712085042465;33.636;0.29910806177854066;2.394493011351834e-05;-0.00044197604301386836;-0.007582721439586035;-20.611999999999995;0.13480772721005052;2.3944930113518333e-05;74.84;22.72
74.64_22.72;0.001073601062932966;0.02558845775261734;89.351;-0.020467581045362504;1.0205572214825036e-19;0.0006776262173048836;0.019063919783172067;52.946;0.35591011344852796;2.2066015083253973e-05;-0.0003959748456280823;-0.006524537969445271;-36.405;0.33544253240316546;2.2066015083253872e-05;74.64;22.72
74.44_22.72;0.001073601062932966;0.02558845775261734;89.351;-0.020467581045362504;1.0205572214825036e-19;0.0006773731747883214;0.019121107614795314;55.421;0.35615063266343305;5.2381876220406296e-05;-0.0003962278881446445;-0.006467350137822025;-33.93;0.33568305161807055;5.2381876220406194e-05;74.44;22.72
74.24_22.72;0.0009169796437995863;0.023765325866633116;30.302;0.24827930096758666;5.665140281034031e-15;0.0007375096505153253;0.020241564480944302;34.771;0.3954050411290261;8.77959055323706e-07;-0.00017946999328426097;-0.0035237613856888145;4.469000000000001;0.14712574016143942;8.779590496585658e-07;74.24;22.72
74.04_22.72;0.0007914012424324938;0.0225915180024944;-12.042;0.40566869122382176;1.6589086026375052e-08;0.0007537518913216131;0.02088447696109082;-60.024;0.43394282944923945;1.4549323266940339e-05;-3.764935111088077e-05;-0.001707041041403578;47.982;0.02827413822541769;1.4532734180913964e-05;74.04;22.72
73.84_22.72;0.0007397939701500333;0.021919438292599267;2325.331;0.4077423991162604;5.533210030106789e-07;0.0005938557496445772;0.018525361870993688;1332.144;0.5245763067193119;0.0019988868971843043;-0.0001459382205054561;-0.0033940764216055797;-993.1870000000001;0.11683390760305146;0.001998333576181294;73.84;22.72
76.84_23.72;0.0014935542700764452;0.03183416957165995;78.877;-0.91559133733637;2.8545888500238023e-32;0.0005058980063063882;0.017817943029528573;45.387;0.35114922981228125;2.1459920923126353e-08;-0.000987656263770057;-0.014016226542131378;-33.489999999999995;-0.5644421075240887;2.1459920923126353e-08;76.84;23.72
76.64_23.72;0.001505031921467331;0.03189941302093181;68.301;-0.8228956719204297;1.1808746694915131e-32;0.0004929839195391418;0.017384109640474557;41.401;0.40289754626724206;1.0865683579933034e-10;-0.0010120480019281891;-0.014515303380457256;-26.9;-0.4199981256531876;1.0865683579933034e-10;76.64;23.72
76.44_23.72;0.001505031921467331;0.03189941302093181;68.301;-0.8228956719204297;1.1808746694915131e-32;0.0005588472448909581;0.018932112653852286;42.819;0.32312384246097414;2.8256622064832256e-14;-0.0009461846765763729;-0.012967300367079528;-25.482;-0.49977182945945553;2.8256622064832256e-14;76.44;23.72
76.24_23.72;0.0016167272210746164;0.03290020225899246;-239.694;-0.8783196041307928;3.347441119761365e-36;0.0005993689462240236;0.019390626826990255;-444.745;0.3036509640435877;2.1493769214564523e-14;-0.0010173582748505927;-0.013509575432002208;205.05100000000002;-0.5746686400872051;2.1493769214564523e-14;76.24;23.72
76.04_23.72;0.0017522904422190317;0.0343966715628935;75.521;-0.9921708577579667;4.0269231384432604e-39;0.0005717000658512953;0.018267842661457354;42.284;0.3500368528376082;9.807259194232334e-12;-0.0011805903763677365;-0.016128828901436146;-33.237;-0.6421340049203584;9.807259194232334e-12;76.04;23.72
75.84_23.72;0.0015245094272086804;0.03130608823720761;55.988;-0.6973246919482468;1.3307423371071617e-31;0.00048586732857609815;0.016256710737356597;6.388;0.4590557466652786;2.411570164793685e-06;-0.0010386420986325823;-0.015049377499851014;-49.6;-0.23826894528296816;2.411570164793685e-06;75.84;23.72
75.64_23.72;0.0015245094272086804;0.03130608823720761;55.988;-0.6973246919482468;1.3307423371071617e-31;0.0005832044193070373;0.017755672708930588;11.447;0.35068472278612295;5.344185392060352e-09;-0.0009413050079016431;-0.013550415528277023;-44.541;-0.3466399691621238;5.344185392060352e-09;75.64;23.72
75.44_23.72;0.0013693345954100351;0.029184561345905826;64.887;-0.47340605690976933;5.149739422340244e-28;0.0006368014573341224;0.018508915055713962;36.28;0.3148006868225598;3.276164869958814e-08;-0.0007325331380759127;-0.010675646290191864;-28.607;-0.15860537008720954;3.276164869958814e-08;75.44;23.72
75.24_23.72;0.0010606370132033628;0.025753169187012724;56.559;-0.1778153235143236;4.523867540942893e-21;0.0006059268269571164;0.018232413071205825;43.252;0.3271308724527163;5.673841417872132e-07;-0.0004547101862462464;-0.007520756115806899;-13.306999999999995;0.14931554893839272;5.673841417872086e-07;75.24;23.72
75.04_23.72;0.0010378303961280293;0.02550524318993434;54.407;-0.14609737280224788;4.2114247528846914e-21;0.0005955680003041719;0.017864129422591926;37.33;0.34230205337954345;1.1614041227038134e-06;-0.0004422623958238573;-0.007641113767342413;-17.076999999999998;0.19620468057729556;1.1614041227038091e-06;75.04;23.72
74.84_23.72;0.0009855762859011506;0.024694226352059184;-43.349;-0.02701183099962634;5.589933278328111e-18;0.0006241500339005762;0.01855218249453341;-17.012;0.3496094840100481;1.2713858622257573e-06;-0.00036142625200057436;-0.006142043857525772;-26.336999999999996;0.32259765301042176;1.2713858622201673e-06;74.84;23.72
74.64_23.72;0.0009946906617709515;0.02481253981989972;50.705;0.0969769916119374;5.256381611772366e-19;0.000645537322416168;0.01909031850642787;40.591;0.4139534256035311;4.0635823467137475e-05;-0.0003491533393547835;-0.005722221313471849;-10.113999999999997;0.3169764339915937;4.063582346713695e-05;74.64;23.72
74.44_23.72;0.0009767526921558981;0.02464824649878734;-9.899;0.1615853804177484;2.2929814318127538e-17;0.0006954406876711254;0.01968011017641492;139.434;0.4030549961333063;1.2707145822493736e-05;-0.0002813120044847727;-0.004968136322372418;129.535;0.24146961571555792;1.2707145822470807e-05;74.44;23.72
74.24_23.72;0.0008981637328778345;0.023797701121719788;1118.44;0.37295439626134186;7.746476952005966e-11;0.0007424323457707606;0.0206187735560162;96.95;0.481676979989732;0.0002289693590959358;-0.00015573138710707393;-0.0031789275657035897;-1021.49;0.10872258372839017;0.0002289692816311663;74.24;23.72
77.24_24.72;0.0018582689691689384;0.038895814805784516;71.57;-3.095946516215334;4.3538773661153904e-60;0.0005635055212851553;0.019859069597631385;35.203;-0.2420637243962962;5.429115214113433e-22;-0.001294763447883783;-0.01903674520815313;-36.36699999999999;-2.853882791819038;5.429115214113433e-22;77.24;24.72
77.04_24.72;0.0015683547224596263;0.03306268648336728;-14.985;-1.0911638541976614;1.473046745406958e-35;0.00046316078811709123;0.01718463792748742;18.695;0.3824451286930748;9.066405529855009e-10;-0.0011051939343425352;-0.01587804855587986;3.710000000000001;-0.7087187255045866;9.066405529855009e-10;77.04;24.72
76.84_24.72;0.0017254484629685863;0.034949280985776925;79.936;-1.190574817120583;2.5184365759179464e-38;0.000502061106891415;0.01776297126900332;48.815;0.3625990917631702;1.6131271885004809e-10;-0.0012233873560771713;-0.017186309716773606;-31.12100000000001;-0.8279757253574128;1.6131271885004809e-10;76.84;24.72
76.64_24.72;0.0017254484629685863;0.034949280985776925;79.936;-1.190574817120583;2.5184365759179464e-38;0.0004905752562615408;0.01741342563415138;42.52;0.3771811645882971;6.4552121725081e-10;-0.0012348732067070456;-0.017535855351625544;-37.416000000000004;-0.8133936525322859;6.4552121725081e-10;76.64;24.72
76.44_24.72;0.0018396878550463918;0.036783399558575916;75.361;-1.5997594512118694;2.758758031021972e-50;0.0004970253283149483;0.01748676679063075;41.368;0.2976274256341793;1.443345583605084e-13;-0.0013426625267314435;-0.019296632767945167;-33.993;-1.30213202557769;1.443345583605084e-13;76.44;24.72
76.24_24.72;0.0018100261677785204;0.03546364121531884;74.459;-1.1917983539275312;1.8097571749717949e-41;0.00048561806931976146;0.01667067138666337;35.229;0.4119549739555154;1.220605330589244e-09;-0.001324408098458759;-0.018792969828655474;-39.230000000000004;-0.7798433799720158;1.220605330589244e-09;76.24;24.72
76.04_24.72;0.0018100261677785204;0.03546364121531884;74.459;-1.1917983539275312;1.8097571749717949e-41;0.0004888548750327688;0.016919100569117218;35.219;0.4080354585584204;2.454225411767475e-10;-0.0013211712927457516;-0.018544540646201625;-39.24;-0.7837628953691108;2.454225411767475e-10;76.04;24.72
75.84_24.72;0.0013885558586352678;0.029633002019783652;60.922;-0.6121380329271928;9.428445056250401e-28;0.00047713081897950713;0.015931438659596793;24.867;0.44604263834616875;6.053995157194402e-06;-0.0009114250396557607;-0.01370156336018686;-36.05499999999999;-0.16609539458102407;6.053995157194402e-06;75.84;24.72
75.64_24.72;0.001129765255627327;0.026086837433575982;58.645;-0.2996350326240813;3.0324826921771514e-21;0.0005363440666166607;0.01690785982837552;37.891;0.38301205932552507;2.0828338241805854e-06;-0.0005934211890106664;-0.00917897760520046;-20.754000000000005;0.08337702670144376;2.0828338241805824e-06;75.64;24.72
75.44_24.72;0.0009472935468304445;0.024058123240613828;61.448;-0.057683484711262833;9.762548074541689e-18;0.0005392327736830173;0.01739494327061219;40.319;0.3979293946972723;1.19347034793111e-06;-0.0004080607731474272;-0.00666317997000164;-21.128999999999998;0.34024590998600945;1.1934703479213476e-06;75.44;24.72
75.24_24.72;0.0009472935468304445;0.024058123240613828;61.448;-0.057683484711262833;9.762548074541689e-18;0.0005387511707980337;0.01740902219600778;41.258;0.3984671196921705;5.395083302602255e-07;-0.00040854237603241085;-0.006649101044606049;-20.189999999999998;0.3407836349809077;5.395083302504629e-07;75.24;24.72
75.04_24.72;0.0009170813040473713;0.023870667109431903;67.531;0.06689715868365098;1.220844289354078e-15;0.0006028820206495769;0.0184518582025986;11.714;0.3865855470349838;9.870105024105522e-06;-0.0003141992833977944;-0.0054188089068333035;-55.81700000000001;0.31968838835133284;9.870105022884678e-06;75.04;24.72
74.84_24.72;0.0009776228290306168;0.024826055778758696;50.282;0.15119392598810355;2.3399365965171917e-17;0.0006773480747503868;0.019780146960324103;56.551;0.4119028903626526;8.339285086695381e-06;-0.00030027475428022997;-0.005045908818434593;6.2690000000000055;0.26070896437454905;8.339285086671981e-06;74.84;24.72
74.64_24.72;0.0009776228290306168;0.024826055778758696;50.282;0.15119392598810355;2.3399365965171917e-17;0.0007192813311131414;0.02016957554171793;60.971;0.37549498166119843;1.8163175376242792e-06;-0.0002583414979174754;-0.0046564802370407665;10.689;0.22430105567309488;1.81631753760088e-06;74.64;24.72
74.44_24.72;0.0009613472671278647;0.024388424766615933;9.91;0.3165998730092987;8.731329554390657e-14;0.0007153728179989952;0.02021362222119517;-10.9;0.4914575706582993;5.9898660265029006e-05;-0.00024597444912886955;-0.004174802545420762;0.9900000000000002;0.1748576976490006;5.989866017771571e-05;74.44;24.72
77.44_25.72;0.002353219989547169;0.04392556386443044;83.831;-3.461725772706875;1.6423128724302705e-62;0.0006134468155030081;0.020385027363048383;35.917;-0.16310055119046396;1.0420837775367042e-21;-0.001739773174044161;-0.023540536501382055;-47.914;-3.298625221516411;1.0420837775367042e-21;77.44;25.72
77.24_25.72;0.001954131979841555;0.03960381298283099;78.857;-2.956846482713993;5.3454520823219246e-55;0.00047070245599575085;0.017563349789260524;33.042;0.04689275001648574;1.2619720427689881e-17;-0.0014834295238458043;-0.02204046319357047;-45.815;-2.909953732697507;1.2619720427689881e-17;77.24;25.72
77.04_25.72;0.0017168443897500343;0.03575488463185658;71.591;-1.7296994087038051;3.239447964161013e-47;0.00042895053413518334;0.01659707496061779;26.343;0.3179894308519885;1.136400364412456e-11;-0.001287893855614851;-0.01915780967123879;-45.24799999999999;-1.4117099778518165;1.136400364412456e-11;77.04;25.72
76.84_25.72;0.0017168443897500343;0.03575488463185658;71.591;-1.7296994087038051;3.239447964161013e-47;0.0004580449593609308;0.017088977515213415;35.856;0.27173070419659084;1.3667801859820662e-13;-0.0012587994303891034;-0.018665907116643166;-35.73499999999999;-1.4579687045072143;1.3667801859820662e-13;76.84;25.72
76.64_25.72;0.0017491330079257073;0.036166735142350456;71.67;-1.7153148486321919;5.70751950137728e-48;0.0005060565577569708;0.017883473443738643;33.014;0.21440915053410237;7.938157411015974e-14;-0.0012430764501687366;-0.018283261698611813;-38.656;-1.5009056980980895;7.938157411015974e-14;76.64;25.72
76.44_25.72;0.0017520485109620081;0.03537126646792241;65.545;-1.3715909848856742;4.08033586555148e-45;0.00044218774954763384;0.01606094855065961;27.959;0.4014500889143515;2.691352396243301e-12;-0.0013098607614143742;-0.019310317917262797;-37.586;-0.9701408959713227;2.691352396243301e-12;76.44;25.72
76.24_25.72;0.0017520485109620081;0.03537126646792241;65.545;-1.3715909848856742;4.08033586555148e-45;0.00046461898680512614;0.016651611986159828;28.879;0.37108693416900096;9.055121649165307e-13;-0.001287429524156882;-0.01871965448176258;-36.666;-1.0005040507166734;9.055121649165307e-13;76.24;25.72
76.04_25.72;0.0011679643283885933;0.026875398232301787;57.392;-0.43724607596861365;3.1601620010195406e-25;0.0003933453348235094;0.014556029617243725;28.995;0.5159663482568646;3.2101052183704385e-06;-0.0007746189935650839;-0.012319368615058062;-28.397000000000002;0.07872027228825096;3.2101052183704385e-06;76.04;25.72
75.84_25.72;0.0008743133452910978;0.02261202791320529;35.944;-0.10238039731254966;1.8773194888872463e-16;0.0003680577536207125;0.014106343156731387;9.304;0.5359333643302941;3.9288282148397664e-05;-0.0005062555916703854;-0.008505684756473902;-26.64;0.4335529670177445;3.9288282148209934e-05;75.84;25.72
75.64_25.72;0.0007898248736673473;0.021773551595123588;31.724;0.06172236388978958;6.099100186785162e-14;0.0004482155322417456;0.015871762012976413;20.799;0.4675394203439719;1.9193807645371306e-06;-0.0003416093414256017;-0.005901789582147175;-10.925;0.4058170564541823;1.919380703546129e-06;75.64;25.72
75.44_25.72;0.0008109947958472873;0.02214943633378766;30.906;0.06759633593958858;1.9600134451312522e-14;0.0005141191530041904;0.017079761804914648;25.967;0.4089153414061999;1.3767441116295046e-08;-0.00029687564284309683;-0.005069674528873011;-4.939;0.3413190054666113;1.3767421516160595e-08;75.44;25.72
75.24_25.72;0.0007997238666629622;0.022274197407113;21.672;0.17619475915767924;1.1162698283389437e-13;0.0005412317844152816;0.017584085480806963;21.92;0.4424705837875681;6.870968022003746e-06;-0.0002584920822476806;-0.004690111926306036;0.2480000000000011;0.26627582462988886;6.870967910376763e-06;75.24;25.72
75.04_25.72;0.0008722986246007176;0.023530289473298483;-142.271;0.23821382362908128;2.190035000222863e-14;0.0006406868714324127;0.019323707798650912;-37.011;0.4404824354011224;4.277661793728242e-05;-0.0002316117531683049;-0.004206581674647571;-105.25999999999999;0.20226861177204114;4.277661791538207e-05;75.04;25.72
74.84_25.72;0.0008945794768085785;0.02364058378459406;0.22;0.349990478526888;2.45340979708305e-12;0.0006677727138180513;0.01973851121889321;-21.668;0.5147903194580525;7.406805088236117e-05;-0.00022680676299052717;-0.0039020725657008502;21.448;0.1647998409311645;7.406804842895137e-05;74.84;25.72
77.64_26.72;0.0019394091653687623;0.03905397554791569;110.186;-2.4690873440790764;3.803109604412735e-54;0.00043771066993448794;0.016216119905044474;38.254;0.2170519905997328;2.3904757608490995e-12;-0.0015016984954342744;-0.022837855642871215;-71.93200000000002;-2.252035353479344;2.3904757608490995e-12;77.64;26.72
77.44_26.72;0.002112721303075045;0.040941257869775476;102.98;-2.6828374720832704;2.1883256672756373e-55;0.00044497270895401807;0.016726478880708398;40.728;0.22433585338252682;1.1999369781519694e-15;-0.0016677485941210268;-0.024214778989067078;-62.252;-2.4585016187007436;1.1999369781519694e-15;77.44;26.72
77.24_26.72;0.0020428518645564287;0.04035964594723194;85.853;-2.8132343703592504;2.765493022136643e-54;0.00045853887184592605;0.017344880103348326;34.233;0.14408077423259358;8.66640091778768e-18;-0.0015843129927105026;-0.023014765843883612;-51.62;-2.669153596126657;8.66640091778768e-18;77.24;26.72
77.04_26.72;0.0019841977065452976;0.03967579921935117;135.982;-2.6904574319469035;8.672572862288935e-53;0.00039479234818962035;0.01596354128276387;70.468;0.2657161377386701;1.2412001303158472e-15;-0.0015894053583556773;-0.023712257936587298;-65.514;-2.4247412942082334;1.2412001303158472e-15;77.04;26.72
76.84_26.72;0.0019273826441702415;0.0388677839306243;84.952;-2.366293101945006;1.865880507583471e-51;0.0003884482942339934;0.015651510290376022;31.211;0.32155100737396913;1.150750613578387e-15;-0.001538934349936248;-0.02321627364024828;-53.741;-2.0447420945710366;1.150750613578387e-15;76.84;26.72
76.64_26.72;0.0019273826441702415;0.0388677839306243;84.952;-2.366293101945006;1.865880507583471e-51;0.0004138237085736889;0.016436151846049404;36.717;0.2772312753741576;5.06283976263871e-16;-0.0015135589355965526;-0.0224316320845749;-48.235;-2.0890618265708483;5.06283976263871e-16;76.64;26.72
76.44_26.72;0.0018365158890868523;0.03672632542116697;126.569;-1.5916671426148503;6.032137399734974e-45;0.0004149181912109648;0.016027521935195403;20.79;0.4144728888954421;3.3524458370492273e-12;-0.0014215976978758874;-0.02069880348597157;-105.779;-1.1771942537194082;3.3524458370492273e-12;76.44;26.72
76.24_26.72;0.0009296725580429587;0.023394752707997086;42.363;-0.14866764018519163;1.3725813810097401e-17;0.00038230700164726487;0.014599735780843517;43.054;0.5276361794168956;2.0298571398258713e-08;-0.0005473655563956938;-0.008795016927153568;0.6910000000000025;0.3789685392317039;2.0298571384532898e-08;76.24;26.72
76.04_26.72;0.0006320081783363916;0.019763777075511146;104.018;0.2632244353105616;1.3331888576593156e-09;0.0003920135281667128;0.014757284464081736;54.257;0.5430027672407763;4.2149581950002835e-05;-0.00023999465016967883;-0.00500649261142941;-49.761;0.27977833193021473;4.214824876114518e-05;76.04;26.72
75.84_26.72;0.0006485114123522948;0.020090651641423096;47.899;0.23931441890574723;1.1791999255457912e-10;0.00040829067004467703;0.015177289011545915;80.799;0.5210865688982228;2.9844212177653225e-05;-0.0002402207423076178;-0.004913362629877181;32.900000000000006;0.2817721499924756;2.984409425766067e-05;75.84;26.72
75.64_26.72;0.0006485114123522948;0.020090651641423096;47.899;0.23931441890574723;1.1791999255457912e-10;0.00042422936005908973;0.015558300273624946;80.196;0.5023909354142768;1.77552675938166e-05;-0.0002242820522932051;-0.00453235136779815;32.297;0.2630765165085296;1.7755149673824047e-05;75.64;26.72
75.44_26.72;0.0007125900119885682;0.02112889813665519;35.068;0.2691628888052323;4.0219469398459914e-11;0.0005362228758119197;0.0174650967730512;72.094;0.4500462104130347;9.766770789018816e-05;-0.0001763671361766485;-0.003663801363603992;37.025999999999996;0.1808833216078024;9.766766767071876e-05;75.44;26.72
75.24_26.72;0.000841675950345906;0.02312027201436241;17.756;0.28993847177210286;9.85353654307213e-13;0.0006393168758346676;0.01927602393790756;-26.114;0.46065428424028765;0.0012073855946035383;-0.00020235907451123837;-0.003844248076454851;8.358;0.1707158124681848;0.0012073855936181846;75.24;26.72
77.64_27.72;0.0015276284143210493;0.034086211184341283;85.032;-1.9465502319794195;2.5302270041148754e-45;0.00031194866976611745;0.013421595209500906;24.571;0.39830104189731996;1.4395836823838007e-07;-0.001215679744554932;-0.02066461597484038;-60.461;-1.5482491900820996;1.4395836823838007e-07;77.64;27.72
77.44_27.72;0.001620976775493367;0.034050664549895804;165.121;-1.4268180632624583;2.9286990307502553e-39;0.00040936637206628087;0.015275371451373218;132.098;0.3871240345684176;3.199507965645072e-08;-0.0012116104034270861;-0.018775293098522584;-33.022999999999996;-1.0396940286940408;3.199507965645072e-08;77.44;27.72
77.24_27.72;0.0014053037877364899;0.030937297988168553;95.194;-1.0018479228989206;2.7806623356999565e-32;0.0003602841617890873;0.014329152648265312;127.268;0.4867770888936773;2.475009644781778e-06;-0.0010450196259474025;-0.016608145339903242;32.074;-0.5150708340052432;2.475009644781778e-06;77.24;27.72
77.04_27.72;0.001771157093563428;0.035684890936545595;80.544;-1.4879094323088524;3.060723535850411e-42;0.00042252022650898124;0.015569861874939677;28.484;0.40649417225998175;2.212917963600852e-08;-0.0013486368670544467;-0.020115029061605918;-52.059999999999995;-1.0814152600488707;2.212917963600852e-08;77.04;27.72
76.84_27.72;0.001771157093563428;0.035684890936545595;80.544;-1.4879094323088524;3.060723535850411e-42;0.0003661780869057694;0.014327511680818377;26.538;0.48563686438181586;5.509031058701884e-10;-0.0014049790066576586;-0.02135737925572722;-54.006;-1.0022725679270366;5.509031058701884e-10;76.84;27.72
76.64_27.72;0.0019100107501632297;0.03688558742969414;66.395;-1.378097837276369;4.103177966458857e-42;0.00044794535410739043;0.015952451780086883;23.395;0.4422765014648502;5.271313908505317e-08;-0.0014620653960558392;-0.020933135649607255;-43.0;-0.9358213358115188;5.271313908505317e-08;76.64;27.72
76.44_27.72;0.0013428032696240846;0.029228257436814356;65.203;-0.5431136535815289;6.025659433003684e-27;0.0003879269834084207;0.014785531641248548;25.814;0.5542046715020208;2.524211117112361e-05;-0.0009548762862156639;-0.014442725795565808;-39.389;0.011091017920491941;2.524211117112361e-05;76.44;27.72
76.24_27.72;0.0008570418369115803;0.02255203892825282;47.272;0.128031765195169;1.4633766961013916e-12;0.0004098521398830919;0.015246035817040435;25.549;0.5830098000435042;0.0009492489459458353;-0.0004471896970284884;-0.007306003111212383;-21.723;0.4549780348483352;0.0009492489444824586;76.24;27.72
76.04_27.72;0.0006561408853258966;0.02039468465445501;23.779;0.39409042544350537;9.155549868026165e-09;0.00046456855939339386;0.016412900797568082;86.202;0.5709968019527327;0.007416262663434203;-0.00019157232593250276;-0.003981783856886929;62.423;0.17690637650922736;0.0074162535078843355;76.04;27.72
75.84_27.72;0.0006561408853258966;0.02039468465445501;23.779;0.39409042544350537;9.155549868026165e-09;0.0005065158276345432;0.01712310067292994;96.544;0.5322608352995071;0.017110140164026233;-0.00014962505769135345;-0.003271583981525071;72.765;0.1381704098560017;0.017110131008476366;75.84;27.72
75.64_27.72;0.0007165874400275825;0.02145434833645497;47.857;0.3886567100853383;2.4024887253821087e-09;0.0005540311547512697;0.018121532014579413;19.609;0.5273385912990283;0.01228297402250722;-0.00016255628527631278;-0.0033328163218755563;-28.247999999999998;0.13868188121368996;0.012282971620018495;75.64;27.72
75.44_27.72;0.0007911427286588852;0.02248061516188861;-2.199;0.4054095267501461;1.546306226290812e-09;0.0006222652155432352;0.019172729786215616;-24.672;0.5323309491525348;0.017860908989053126;-0.00016887751311565002;-0.0033078853756729927;22.473;0.12692142240238868;0.0178609074427469;75.44;27.72
77.64_28.72;0.0014561725849944385;0.03214552853120421;95.165;-1.3156539016205708;4.4871004673236156e-39;0.00035044566703810944;0.014115796644566818;58.999;0.44270968665028054;6.249976451736551e-06;-0.001105726917956329;-0.018029731886637396;-36.166000000000004;-0.8729442149702903;6.249976451736551e-06;77.64;28.72
77.44_28.72;0.0014561725849944385;0.03214552853120421;95.165;-1.3156539016205708;4.4871004673236156e-39;0.0003417383412173759;0.01371224333016083;67.952;0.4565563647276186;6.598975913844736e-05;-0.0011144342437770626;-0.018433285201043384;-27.213000000000008;-0.8590975368929522;6.598975913844736e-05;77.44;28.72
77.24_28.72;0.0009264118134025742;0.02385442511985429;63.011;-0.14899652887076753;3.376322877774257e-20;0.0003569716167514206;0.014547847569044382;62.173;0.5572604508935242;0.00012642544121948586;-0.0005694401966511535;-0.00930657755080991;-0.838000000000001;0.40826392202275663;0.00012642544121948583;77.24;28.72
77.04_28.72;0.0006816866738060402;0.020468148485158124;19.772;0.22128638986900007;2.1571569784010164e-12;0.0003376281275419853;0.013997654024798566;-40.474;0.6143160367034015;0.01169725607507055;-0.0003440585462640549;-0.006470494460359558;20.701999999999998;0.39302964683440145;0.011697256072913394;77.04;28.72
76.84_28.72;0.0008734791608553436;0.023044133800563964;-37.564;-0.021862037041265436;7.309738798162775e-16;0.00033538491940230216;0.014053408507121615;-62.442;0.6076413356012345;0.0010943432538832454;-0.0005380942414530414;-0.008990725293442348;24.878;0.585779298559969;0.0010943432538825144;76.84;28.72
76.64_28.72;0.0008734791608553436;0.023044133800563964;-37.564;-0.021862037041265436;7.309738798162775e-16;0.0003170205651827987;0.013584191647371348;-63.977;0.6291253471869407;0.001041958951122579;-0.0005564585956725448;-0.009459942153192616;26.412999999999997;0.6072633101456753;0.0010419589511218481;76.64;28.72
76.44_28.72;0.0008593501172014706;0.022735104811080053;16.624;0.0838909629687794;1.1884788173009162e-14;0.00035930727894396017;0.01442786388021555;-7.73;0.6169609583767726;0.04078438819214336;-0.0005000428382575104;-0.008307240930864502;-8.893999999999998;0.5330699954079932;0.040784388192131475;76.44;28.72
76.24_28.72;0.0007369683473117817;0.0213374347705294;83.624;0.3266089569899747;1.8236751836442016e-09;0.00043576963542941007;0.01587633543128491;61.976;0.6018236463149416;0.09989801336299187;-0.00030119871188237165;-0.005461099339244491;-21.647999999999996;0.27521468932496684;0.09989801153931668;76.24;28.72
76.04_28.72;0.0007369683473117817;0.0213374347705294;83.624;0.3266089569899747;1.8236751836442016e-09;0.00046513402457243585;0.016307115470618697;55.02;0.5749924849706283;0.0085501671659165;-0.00027183432273934587;-0.005030319299910702;-28.603999999999992;0.24838352798065355;0.008550165342241317;76.04;28.72
75.84_28.72;0.0007717321221709612;0.02203959981618499;15.664;0.4428192061756794;2.951781813731567e-08;0.0006064144397233478;0.01886293648918554;10.07;0.5621764739284305;0.1445291963411124;-0.0001653176824476134;-0.0031766633269994515;-5.593999999999999;0.11935726775275113;0.14452916682329425;75.84;28.72
75.64_28.72;0.0008770673497864734;0.023399225876818835;15.705;0.4669570824108419;2.6987560742540424e-08;0.0007236001821427529;0.020714322763768347;18.736;0.5602276696865727;0.024867177593303147;-0.00015346716764372042;-0.002684903113050488;3.0310000000000006;0.09327058727573079;0.024867150605742405;75.64;28.72
77.44_29.72;0.0010842995567839464;0.026115257936915017;52.355;-0.2224218590002045;1.9905930688503553e-22;0.00040830852773955504;0.015157315590832722;-0.474;0.5396795411358104;0.012116821727717109;-0.0006759910290443914;-0.010957942346082295;-51.881;0.3172576821356059;0.012116821727717109;77.44;29.72
77.24_29.72;0.0010842995567839464;0.026115257936915017;52.355;-0.2224218590002045;1.9905930688503553e-22;0.00044572205085655786;0.016033529147239677;3.395;0.49750013767272605;0.0004757414182267374;-0.0006385775059273885;-0.01008172878967534;-48.959999999999994;0.27507827867252155;0.0004757414182267374;77.24;29.72
77.04_29.72;0.0007057438083771782;0.020502657052442818;24.89;0.5249003797232461;1.058951047054593e-06;0.0005920188008558361;0.018091795493802132;8.661;0.6014589088212221;0.414277883000707;-0.00011372500752134212;-0.002410861558640686;-16.229;0.076558529097976;0.41427682404965993;77.04;29.72
76.84_29.72;0.0007057438083771782;0.020502657052442818;24.89;0.5249003797232461;1.058951047054593e-06;0.000598232701036355;0.018140887684607143;6.789;0.5972757738349008;0.415743248265797;-0.00010751110734082321;-0.002361769367835675;-18.101;0.07237539411165472;0.41574218931474993;76.84;29.72
76.64_29.72;0.000690557327794335;0.020640223938669894;-8.559;0.48081305573039657;1.4271961956274414e-07;0.0005210154436645817;0.01693751085743841;-6.288;0.6082810141520231;0.08651436308742466;-0.0001695418841297533;-0.003702713081231483;-2.270999999999999;0.1274679584216265;0.0865142203678051;76.64;29.72
76.44_29.72;0.0007197402454261479;0.02118147600715264;-29.428;0.48675016177377184;1.511939088332932e-07;0.0005616648929072336;0.0177214027133574;-30.951;0.5994743697411191;0.08865141257172582;-0.00015807535251891427;-0.003460073293795239;1.5229999999999997;0.11272420796734728;0.08865126137781698;76.44;29.72
76.24_29.72;0.0007465964815255516;0.021800874552702555;-90.396;0.4597816383430783;5.703779799822783e-09;0.0005503802843472426;0.018009074475681307;-73.264;0.6017587239484434;0.04738296594203406;-0.00019621619717830898;-0.0037918000770212484;-17.132000000000005;0.14197708560536515;0.04738296023825426;76.24;29.72
76.04_29.72;0.0008248375845928339;0.022641754243300234;13.35;0.49775278491534125;1.9370759130542828e-07;0.0006735202102053384;0.019927941178901978;19.021;0.5898905964065061;0.014016358136201945;-0.0001513173743874955;-0.0027138130643982565;5.671000000000001;0.09213781149116484;0.01401616442861064;76.04;29.72
77.24_30.72;0.0008587805660235436;0.022765239476637833;29.519;0.3924222294025681;4.831344832049545e-11;0.0006523905462799918;0.019207890352002294;20.209;0.53844089008324;0.336621702796307;-0.00020639001974355183;-0.0035573491246355393;-9.309999999999999;0.14601866068067193;0.3366217027479935;77.24;30.72
77.04_30.72;0.000902357149668255;0.023209749373737862;16.134;0.48771611921900726;3.95133273503899e-08;0.0008114730348424136;0.02179110784190348;-5.977;0.539312615197838;0.15840767008074208;-9.088411482584139e-05;-0.0014186415318343804;-10.157;0.05159649597883076;0.15840763056741472;77.04;30.72
76.84_30.72;0.0008930095097297731;0.022479608103053272;9.847;0.5422237883301786;1.934304839071974e-05;0.0008638353859058459;0.021968739074397222;33.587;0.5571790824646666;0.32593762865316767;-2.9174123823927215e-05;-0.0005108690286560504;23.740000000000002;0.01495529413448804;0.3259182856047769;76.84;30.72
76.64_30.72;0.0009133047652390978;0.02252785263511101;6.715;0.5459310215897576;4.163732030841639e-05;0.0008245020597419953;0.02134790883252327;12.945;0.5900811840545058;0.40188804087746655;-8.880270549710249e-05;-0.0011799438025877386;6.23;0.04415016246474823;0.4018464035571581;76.64;30.72
76.44_30.72;0.000978379856925723;0.023973360201884897;26.718;0.5286724102176896;1.03117258562163e-06;0.0007776501493630164;0.02095564023042945;30.603;0.6253725299038426;0.1420640970566116;-0.00020072970756270664;-0.003017719971455446;3.8850000000000016;0.096700119686153;0.14206306588402598;76.44;30.72
76.24_30.72;0.000978379856925723;0.023973360201884897;26.718;0.5286724102176896;1.03117258562163e-06;0.0007813529599548937;0.021162608142734154;34.331;0.6235887270389984;0.096637268669297;-0.0001970268969708293;-0.002810752059150743;7.613000000000003;0.09491631682130874;0.09663623749671138;76.24;30.72
77.04_31.72;0.0010939560268331805;0.02619639926048641;31.042;0.39822695243131034;9.729971716910072e-14;0.0008675669714503165;0.023160388502068988;34.034;0.5227610547647652;0.0014303406842545163;-0.000226389055382864;-0.0030360107584174213;2.9919999999999973;0.12453410233345485;0.0014303406841572166;77.04;31.72
76.84_31.72;0.0010592326118165423;0.02577119627803836;31.445;0.44488080156855603;5.692689554186882e-11;0.000918680462828855;0.0243229951335228;44.403;0.5185409168382844;0.0004221367339272432;-0.00014055214898768737;-0.001448201144515559;12.957999999999998;0.07366011526972838;0.00042213667700034764;76.84;31.72
76.64_31.72;0.0009008191721726196;0.022520751846281894;3.773;0.5495371371155464;0.00044154899983376845;0.0008753492086574282;0.02290776530809745;38.258;0.5622736252332938;0.18536514446862262;-2.546996351519132e-05;0.00038701346181555657;34.485;0.012736488117747413;0.18492359546878887;76.64;31.72
76.44_31.72;0.0009483444528395866;0.022656291718111184;18.552;0.5554504845867961;0.004592298044378773;0.0009037780320618904;0.023130329486376732;43.146;0.5763416077447412;0.1554712807923151;-4.456642077769622e-05;0.00047403776826554847;24.594;0.020891123157945057;0.15087898274793632;76.44;31.72
76.84_32.72;0.0010698664565190006;0.026460344757423787;9.091;0.40459597960394333;1.0032715199732617e-14;0.000838572297533847;0.02278913732588432;-13.27;0.5333162243735199;0.0026368040332862552;-0.00023129415898515365;-0.0036712074315394666;4.179;0.12872024476957655;0.0026368040332762225;76.84;32.72
