POINT;MSE_ARIMA;MAE_ARIMA;MAPE_ARIMA;R^2_ARIMA;MSE_HYB;MAE_HYB;MAPE_HYB;R^2_HYB;MSE_DIF;MAE_DIF;MAPE_DIF;R^2_DIF
76.04_8.72;0.0001648156527655867;0.011003522888388961;23.738166666666668;-1.342406283788241e+30;0.000149567581112805;0.010271212234674311;19.7202;-7.870193977374303e+29;-1.5248071652781677e-05;-0.00073231065371465;-4.01796666666667;-5.5538688605081076e+29
75.84_8.72;0.00016645011219289867;0.010982576703522463;28.1321;-9.355522034437726e+29;0.0001958051661030795;0.012078730078220294;29.52530000000001;-9.560657237467377e+29;2.9355053910180823e-05;0.0010961533746978308;1.3932000000000073;2.0513520302965126e+28
75.64_8.72;8.451848971519105e-05;0.007363639993481104;21.935400000000005;-1.3099052621059047e+30;0.00017500802071639782;0.011262219925966214;32.0514;-3.1798360858600996e+30;9.048953100120677e-05;0.00389857993248511;10.115999999999996;1.869930823754195e+30
75.44_8.72;6.0698394380776626e-05;0.0058103895712896285;13.87016666666667;-8.473070164612618e+29;0.00019188314955280122;0.011139141337560433;26.674566666666667;-2.612383644229905e+30;0.0001311847551720246;0.005328751766270804;12.804399999999998;1.765076627768643e+30
76.44_9.72;9.23501846721501e-05;0.008220077625549283;11.488333333333335;-3.448312835253059e+29;0.00034925091918293555;0.015812386700819674;21.028466666666663;-9.383358245467718e+29;0.00025690073451078543;0.007592309075270391;9.540133333333328;5.935045410214659e+29
76.24_9.72;8.91522781052115e-05;0.008190813527112529;11.0935;-2.6317829495345474e+29;0.0004445178946577915;0.018823491668028696;24.262833333333337;-1.1660751221804291e+30;0.00035536561655258;0.010632678140916167;13.169333333333336;9.028968272269744e+29
76.04_9.72;0.000145225726270736;0.010765783976895699;17.7414;-5.385373295887719e+29;0.00012459110135928228;0.008748546493507887;12.940466666666667;-4.33860393139401e+29;-2.0634624911453726e-05;-0.0020172374833878123;-4.800933333333331;-1.046769364493709e+29
75.84_9.72;0.00016638626608770686;0.011392854164536404;21.911200000000004;-1.3953859104059526e+30;0.00015713981461791228;0.010712896723702072;19.7728;-1.17560860189559e+30;-9.246451469794572e-06;-0.0006799574408343327;-2.1384000000000043;-2.197773085103626e+29
75.64_9.72;0.0001590621692561674;0.010990643718264725;23.9481;-1.488856175324687e+30;0.0002853163143151431;0.014274917909487513;29.780366666666666;-2.862950414401173e+30;0.00012625414505897572;0.003284274191222788;5.832266666666666;1.374094239076486e+30
75.44_9.72;8.465664873996455e-05;0.007356801663845606;15.340566666666666;-4.4877732366614145e+29;0.00014158489835156267;0.008870633673932834;17.899733333333334;-1.0106967233103971e+30;5.692824961159812e-05;0.0015138320100872285;2.559166666666668;5.619193996442557e+29
76.84_10.72;0.00011660823804990033;0.009610534384512464;19.00313333333333;-9.128283487181696e+29;0.00015585581736651336;0.010639497514974476;19.985266666666668;-7.575976841330279e+29;3.924757931661303e-05;0.0010289631304620118;0.9821333333333371;-1.5523066458514173e+29
76.64_10.72;0.00011660823804990033;0.009610534384512464;19.00313333333333;-9.128283487181696e+29;0.00012490882867567982;0.010079637803441299;19.588833333333334;-8.023260809689265e+29;8.300590625779497e-06;0.00046910341892883456;0.5857000000000028;-1.1050226774924313e+29
76.44_10.72;0.00012066975437718297;0.009967692664766674;14.297533333333332;-4.162316175637091e+29;0.00011845276298110371;0.009041366825859438;12.490966666666669;-3.8028142483229755e+29;-2.216991396079265e-06;-0.0009263258389072358;-1.8065666666666633;-3.5950192731411576e+28
76.24_10.72;0.00010021661585628558;0.008980884234875634;11.858333333333336;-2.1869372611156845e+29;0.0002059775301684267;0.011300992544961171;13.670166666666665;-3.0386554917517933e+29;0.00010576091431214111;0.0023201083100855367;1.811833333333329;8.517182306361088e+28
76.04_10.72;6.299981688244973e-05;0.006799229795248865;9.383733333333334;-2.0647459200510645e+29;0.00014229690846796482;0.009372475950692455;12.320633333333332;-3.0695015592219313e+29;7.929709158551509e-05;0.00257324615544359;2.936899999999998;1.0047556391708668e+29
75.84_10.72;6.609469218240225e-05;0.006927567270574781;11.582833333333333;-5.1300215314978165e+29;0.00012442841054804038;0.008726078862795016;14.020566666666667;-1.2003613611430416e+30;5.833371836563813e-05;0.0017985115922202347;2.437733333333334;6.873592079932599e+29
75.64_10.72;6.996358037780359e-05;0.007028188049960905;12.953800000000003;-8.437108879779009e+29;0.0002573325126087962;0.01250538548794065;22.319566666666667;-2.3971888346537053e+30;0.00018736893223099264;0.005477197437979746;9.365766666666664;1.5534779466758046e+30
75.44_10.72;7.334272296935759e-05;0.007200169378895193;14.022266666666669;-5.965587681465103e+29;0.00024046768100453509;0.01209055923501799;23.1209;-1.794218242544213e+30;0.0001671249580351775;0.004890389856122797;9.09863333333333;1.1976594743977025e+30
75.24_10.72;8.12623605319796e-05;0.007580870996143227;14.524;-4.301141504347036e+29;0.0001416582764293347;0.009427848488694152;17.7744;-5.561727779041156e+29;6.0395915897355103e-05;0.001846977492550925;3.250400000000001;1.2605862746941198e+29
77.24_11.72;9.695348812897765e-05;0.007462019799412802;18.36356666666667;-2.545754638100136e+30;9.255680124445671e-05;0.007666047084739127;14.727766666666664;-7.444151180945705e+29;-4.396686884520931e-06;0.00020402728532632492;-3.635800000000007;-1.8013395200055655e+30
77.04_11.72;9.25812446130749e-05;0.007793537618412183;17.265966666666667;-1.0290357660792393e+30;7.911049075121395e-05;0.007439519907058368;14.107899999999999;-5.3312885502478075e+29;-1.3470753861860948e-05;-0.00035401771135381514;-3.1580666666666684;-4.9590691105445855e+29
76.84_11.72;0.00013636077519611287;0.010104454467506498;22.866766666666663;-8.710552297419812e+29;0.00017128541962726888;0.011422633533037243;24.926733333333335;-1.5000738707608496e+30;3.4924644431156014e-05;0.001318179065530745;2.0599666666666714;6.2901864101886836e+29
76.64_11.72;0.00015686616146840562;0.011369755652782225;23.33083333333333;-9.963784173486833e+29;0.00011873702322682374;0.009329836032533324;17.363133333333334;-9.678521125575713e+29;-3.812913824158188e-05;-0.0020399196202489003;-5.967699999999997;-2.8526304791112037e+28
76.44_11.72;0.00011995441286866249;0.009993309525666674;16.295033333333333;-8.189561957115674e+29;0.00013639622000303117;0.008994353973433105;13.340699999999996;-4.369802687261468e+29;1.6441807134368687e-05;-0.000998955552233569;-2.954333333333336;-3.8197592698542056e+29
76.24_11.72;0.00011995441286866249;0.009993309525666674;16.295033333333333;-8.189561957115674e+29;0.0001252045278870579;0.00948728529485557;15.194499999999998;-8.206511781381352e+29;5.250115018395408e-06;-0.0005060242308111036;-1.1005333333333347;1.6949824265678313e+27
76.04_11.72;8.05306463473862e-05;0.007993430437420037;12.379666666666663;-6.327686153649485e+29;0.00020815871341808856;0.011812655965858001;17.946233333333332;-1.0001088784598107e+30;0.00012762806707070236;0.0038192255284379643;5.566566666666668;3.673402630948622e+29
75.84_11.72;5.454993905832585e-05;0.006279392895772614;11.903699999999999;-3.765087715101141e+29;9.996995801871663e-05;0.008472652054694437;15.488233333333335;-5.540090478935437e+29;4.542001896039078e-05;0.002193259158921823;3.5845333333333365;1.7750027638342957e+29
75.64_11.72;5.454993905832585e-05;0.006279392895772614;11.903699999999999;-3.765087715101141e+29;0.00011438133854725081;0.009424441561252127;17.778166666666667;-7.79354947885577e+29;5.9831399488924956e-05;0.0031450486654795128;5.8744666666666685;4.028461763754629e+29
75.44_11.72;7.95638002200212e-05;0.00783903307708216;16.0465;-7.684217647823631e+29;0.00011216189320765565;0.00895869958697829;17.9556;-9.404109595609622e+29;3.2598092987634454e-05;0.0011196665098961289;1.9090999999999987;1.7198919477859904e+29
75.24_11.72;0.00016740908966005066;0.011738414456872315;24.336333333333332;-1.482074588096664e+30;0.00022088166500466494;0.011862348256284539;23.92576666666667;-1.785998417927617e+30;5.347257534461428e-05;0.0001239337994122236;-0.41056666666666075;3.0392382983095315e+29
75.04_11.72;0.00017816685439146434;0.01211318542568227;23.726366666666667;-1.7775766091131826e+30;0.00018336769076995104;0.011091410640668344;21.286199999999997;-1.413564663721364e+30;5.200836378486696e-06;-0.001021774785013925;-2.44016666666667;-3.640119453918186e+29
77.44_12.72;0.00011119536108935162;0.009138443400877227;23.65303333333333;-7.802991505882912e+29;0.00015806582550166926;0.010881720458661336;22.4109;-1.3366395443790182e+30;4.6870464412317634e-05;0.0017432770577841088;-1.242133333333328;5.56340393790727e+29
77.24_12.72;9.312294526074017e-05;0.007432438105063127;20.714233333333333;-1.1927749224066859e+30;9.91828201111052e-05;0.00827118043839974;18.501033333333332;-8.025531466556437e+29;6.059874850365034e-06;0.0008387423333366126;-2.2132000000000005;-3.902217757510421e+29
77.04_12.72;8.405449910227027e-05;0.0069035102875537584;17.0726;-1.1664367911729838e+30;0.00013721183208572732;0.009645859148168373;18.62206666666667;-1.1338604262146708e+30;5.3157332983457044e-05;0.0027423488606146147;1.5494666666666674;-3.2576364958313027e+28
76.84_12.72;0.00010130139852348645;0.008214450056814166;18.424833333333336;-9.832207612703654e+29;7.169209267470496e-05;0.007069920852514305;13.765933333333331;-5.4598486084493856e+29;-2.960930584878149e-05;-0.001144529204299861;-4.6589000000000045;-4.3723590042542685e+29
76.64_12.72;0.00013641445008021676;0.00992057985296289;22.103600000000004;-1.285301019523078e+30;0.00015955360664757427;0.00976511130136895;19.0525;-1.3372314731432545e+30;2.3139156567357505e-05;-0.00015546855159393955;-3.0511000000000053;5.193045362017649e+28
76.44_12.72;0.00013641445008021676;0.00992057985296289;22.103600000000004;-1.285301019523078e+30;0.0001624028107599943;0.010258182626950737;18.80173333333333;-1.1353938788890743e+30;2.598836067977753e-05;0.0003376027739878471;-3.3018666666666725;-1.4990714063400374e+29
76.24_12.72;0.00012567419883099498;0.010185137800251967;20.723966666666662;-6.88081637670316e+29;0.00020587471779918894;0.012160870292740893;23.84896666666667;-1.2474873751708774e+30;8.020051896819396e-05;0.0019757324924889255;3.125000000000007;5.5940573750056145e+29
76.04_12.72;9.565101521317302e-05;0.008895918738653388;17.477933333333333;-9.43073463129154e+29;0.00018265555230685825;0.011973884613162568;23.537533333333332;-1.5866051150860734e+30;8.700453709368524e-05;0.0030779658745091806;6.0596;6.435316519569193e+29
75.84_12.72;8.82505584624675e-05;0.008410549271683682;18.86146666666667;-7.420438805447243e+29;0.00029715794864210594;0.015293037094211063;33.89026666666667;-2.415274274191466e+30;0.00020890739017963842;0.006882487822527381;15.0288;1.6732303936467417e+30
75.64_12.72;8.82505584624675e-05;0.008410549271683682;18.86146666666667;-7.420438805447243e+29;0.0003990131009831462;0.01690651121195458;37.68736666666667;-2.8710740897212254e+30;0.0003107625425206787;0.008495961940270899;18.8259;2.129030209176501e+30
75.44_12.72;8.82505584624675e-05;0.008410549271683682;18.86146666666667;-7.420438805447243e+29;0.00014753323343897503;0.009409327989346255;21.7432;-9.044356304278789e+29;5.928267497650753e-05;0.0009987787176625722;2.881733333333333;1.623917498831546e+29
75.24_12.72;0.00012836150747327216;0.010340756531102797;24.772666666666666;-1.6410610651097685e+30;0.00010635302231238678;0.008666400803819979;20.861966666666664;-1.1603459722531897e+30;-2.200848516088538e-05;-0.001674355727282818;-3.910700000000002;-4.807150928565788e+29
75.04_12.72;0.0001407724472848746;0.010855392494436539;24.17526666666667;-1.2479151396235352e+30;0.0001090761136619682;0.008635376523622403;18.354833333333335;-9.731556763633033e+29;-3.169633362290642e-05;-0.002220015970814136;-5.820433333333334;-2.747594632602319e+29
74.84_12.72;0.00010914697127686375;0.009473465353033091;16.8204;-6.30337257293642e+29;0.00012131557086667794;0.008202362467417063;12.857900000000003;-3.185462267904906e+29;1.2168599589814196e-05;-0.001271102885616028;-3.962499999999997;-3.117910305031514e+29
76.84_13.72;8.499679054105212e-05;0.007712006750254101;17.52456666666666;-4.174475126307979e+29;0.00017078965280223728;0.01088510897454312;20.409000000000002;-7.100210141910735e+29;8.579286226118516e-05;0.00317310222428902;2.884433333333341;2.9257350156027565e+29
76.64_13.72;6.955939381850289e-05;0.006786597165980221;13.958;-4.8011753698763794e+29;0.00015560685462249202;0.010009631937066088;17.7885;-1.0117894209649982e+30;8.604746080398913e-05;0.0032230347710858667;3.830499999999999;5.316718839773603e+29
76.44_13.72;6.955939381850289e-05;0.006786597165980221;13.958;-4.8011753698763794e+29;0.0002388091696088001;0.01283854627617405;24.46563333333334;-1.9829126581219027e+30;0.00016924977579029722;0.006051949110193829;10.50763333333334;1.5027951211342647e+30
76.24_13.72;7.339000391336383e-05;0.007320388991224587;15.430266666666666;-4.9928226784529984e+29;0.0003430848874554731;0.016484543272767917;34.29280000000001;-2.77839295948262e+30;0.0002696948835421093;0.00916415428154333;18.86253333333334;2.2791106916373202e+30
76.04_13.72;7.339000391336383e-05;0.007320388991224587;15.430266666666666;-4.9928226784529984e+29;0.0001726685288203381;0.010999187785894062;22.068533333333335;-1.5641378139205346e+30;9.927852490697428e-05;0.003678798794669475;6.638266666666668;1.0648555460752349e+30
75.84_13.72;6.757166487210656e-05;0.007051643411730636;14.872533333333333;-5.8609749145758824e+29;0.00012022602320820696;0.00757414358512273;16.1371;-1.023390029171507e+30;5.2654358336100404e-05;0.0005225001733920936;1.264566666666667;4.372925377139187e+29
75.64_13.72;5.578807527837853e-05;0.006353263971466183;15.171166666666666;-1.0582372778604466e+30;0.00017763418030252866;0.00988762387040768;24.40146666666666;-3.292325939070633e+30;0.00012184610502415013;0.0035343598989414967;9.230299999999994;2.2340886612101863e+30
75.44_13.72;5.578807527837853e-05;0.006353263971466183;15.171166666666666;-1.0582372778604466e+30;0.00014309961357862258;0.010388497581352124;24.11986666666667;-2.4374511116146723e+30;8.731153830024405e-05;0.004035233609885941;8.948700000000004;1.3792138337542258e+30
75.24_13.72;6.614295418476612e-05;0.007080947116816656;19.492733333333334;-1.1533519167630922e+30;0.00019650420696347136;0.011149673434127868;31.626600000000003;-4.364239083910832e+30;0.00013036125277870526;0.004068726317311212;12.13386666666667;3.21088716714774e+30
75.04_13.72;7.771971901450548e-05;0.007865364129028777;20.664433333333328;-1.1129208501995769e+30;0.00023058453626475131;0.012333536564358637;32.09433333333334;-4.394616994592085e+30;0.00015286481725024584;0.00446817243532986;11.42990000000001;3.2816961443925083e+30
74.84_13.72;0.00010183785624587125;0.009104563674319914;22.466933333333333;-1.281036168460765e+30;0.00011028413210746412;0.008670952755159271;21.810733333333328;-1.8036171148757195e+30;8.446275861592867e-06;-0.00043361091916064264;-0.6562000000000054;5.225809464149544e+29
76.64_14.72;0.00012861298740444343;0.009821919108011388;20.872066666666665;-9.073268784958261e+29;0.00026740713789044217;0.014249047417606681;26.656466666666663;-1.8577565182787145e+30;0.00013879415048599874;0.004427128309595293;5.784399999999998;9.504296397828884e+29
76.44_14.72;7.305206938282852e-05;0.007262194304300711;15.270333333333333;-7.392129267808876e+29;0.00019646537494008443;0.01187865573556599;21.475266666666663;-1.1390372859642101e+30;0.0001234133055572559;0.004616461431265279;6.204933333333329;3.998243591833225e+29
76.24_14.72;5.688414968719044e-05;0.00598922474279383;12.8377;-6.267801292528063e+29;0.00015381419383529238;0.009838051618334849;17.80806666666667;-5.859011731751133e+29;9.693004414810194e-05;0.0038488268755410187;4.970366666666669;-4.087895607769299e+28
76.04_14.72;6.232863761108903e-05;0.006088684039427241;14.674233333333332;-5.6347247016150854e+29;0.00017731058750378425;0.01008732656928049;19.031933333333335;-7.397045342517512e+29;0.00011498194989269522;0.003998642529853249;4.357700000000003;1.762320640902426e+29
75.84_14.72;5.834436869028664e-05;0.00581723424787219;14.111266666666667;-7.954478188985024e+29;0.00026260680646304524;0.01262928880128609;24.13826666666667;-1.9402268824793782e+30;0.0002042624377727586;0.0068120545534139;10.027000000000003;1.1447790635808759e+30
75.64_14.72;5.344267333034948e-05;0.005529287694850145;13.962833333333332;-8.383006549329838e+29;0.0001855646998621752;0.010711343814748414;22.128666666666668;-1.9855087399261887e+30;0.0001321220265318257;0.005182056119898269;8.165833333333335;1.147208084993205e+30
75.44_14.72;4.903383295931348e-05;0.005408872929347681;14.080100000000003;-1.1264909386352873e+30;0.0001490731786176606;0.010290917822715516;22.721999999999998;-1.9215215738548645e+30;0.00010003934565834711;0.004882044893367835;8.641899999999994;7.950306352195771e+29
75.24_14.72;8.645910532744886e-05;0.007593421205789577;22.594833333333337;-1.710923084164848e+30;0.0002851607257963988;0.013901225248391429;36.268766666666664;-2.9091150957374366e+30;0.00019870162046894995;0.006307804042601852;13.673933333333327;1.1981920115725887e+30
75.04_14.72;8.645910532744886e-05;0.007593421205789577;22.594833333333337;-1.710923084164848e+30;0.0008607820053322794;0.02561322176343591;67.17790000000001;-1.0914370284217858e+31;0.0007743229000048305;0.018019800557646334;44.58306666666667;9.20344720005301e+30
74.84_14.72;0.00014488707137795984;0.010731042709354844;34.42996666666667;-2.706580017563672e+30;0.0006215417992968026;0.02345493025508293;70.5754;-8.412297332591867e+30;0.0004766547279188427;0.012723887545728086;36.14543333333333;5.705717315028195e+30
74.64_14.72;0.00014488707137795984;0.010731042709354844;34.42996666666667;-2.706580017563672e+30;0.00015411795044677478;0.010023812453474027;34.155300000000004;-4.529630211422328e+30;9.230879068814938e-06;-0.0007072302558808162;-0.2746666666666684;1.823050193858656e+30
76.24_15.72;0.00010543188690437798;0.009233711552604572;18.896699999999996;-9.530798879297929e+29;0.00015691646747642096;0.010372133264638077;18.9932;-1.2036998306302489e+30;5.148458057204298e-05;0.0011384217120335056;0.09650000000000603;2.5061994270045606e+29
76.04_15.72;9.440190192699978e-05;0.007897976776707108;19.430033333333327;-8.451430277622452e+29;8.76710434441689e-05;0.006878661343661421;12.697333333333336;-3.88936356353679e+29;-6.730858482830883e-06;-0.0010193154330456868;-6.732699999999991;-4.562066714085662e+29
75.84_15.72;8.32297646013706e-05;0.0071498832106212116;17.912833333333335;-1.9242924259472815e+30;0.0001719668195227598;0.010828601736154074;19.473266666666667;-5.6274931132586915e+29;8.87370549213892e-05;0.003678718525532862;1.5604333333333322;-1.3615431146214124e+30
75.64_15.72;8.406376155351517e-05;0.007578371379786828;19.5807;-1.7876535534165502e+30;0.00018834761589054354;0.011109291624525845;20.729066666666668;-1.0194748559916874e+30;0.00010428385433702837;0.0035309202447390163;1.1483666666666679;-7.681786974248629e+29
75.44_15.72;9.212464754497828e-05;0.0077466522742244935;22.047233333333335;-2.57115783146271e+30;0.00014490801097192342;0.009542113308130856;17.501800000000003;-1.2626712249370522e+30;5.278336342694514e-05;0.001795461033906362;-4.545433333333332;-1.3084866065256574e+30
75.24_15.72;0.00011704877874197825;0.00816703000643078;27.92706666666667;-1.697331076645789e+30;0.00012631176127965337;0.008961096291235947;18.10866666666667;-1.2757419263167926e+30;9.262982537675129e-06;0.0007940662848051668;-9.818399999999997;-4.2158915032899634e+29
75.04_15.72;0.0001227675007984948;0.00805798494088932;29.13403333333333;-5.129476679563036e+30;5.9963787175890594e-05;0.005111831991956101;11.979333333333333;-4.631334204981506e+29;-6.280371362260421e-05;-0.002946152948933219;-17.1547;-4.6663432590648854e+30
74.84_15.72;0.00011796216210140895;0.008064815554276416;30.029866666666667;-5.00524452167019e+30;8.238176981863539e-05;0.007065773789818844;20.649600000000003;-1.5587259049571612e+30;-3.558039228277356e-05;-0.0009990417644575719;-9.380266666666664;-3.446518616713029e+30
74.64_15.72;0.0001292199754318973;0.008923094084415738;32.034933333333335;-3.9886356991454304e+30;7.81316117657984e-05;0.0064190069357165395;19.447633333333332;-1.3061806308846874e+30;-5.108836366609891e-05;-0.0025040871486991982;-12.587300000000003;-2.6824550682607427e+30
74.44_15.72;8.886490953156268e-05;0.006767218131480915;25.13086666666667;-3.185040892423992e+30;0.00010991419619960782;0.008587829621728825;20.334;-1.1056692633871528e+30;2.1049286668045145e-05;0.0018206114902479097;-4.79686666666667;-2.0793716290368393e+30
76.24_16.72;0.00011700264535547654;0.009737297886815561;19.802233333333337;-7.731837106171044e+29;0.00018493947659695479;0.011239856487799568;21.0844;-9.194275123257281e+29;6.793683124147825e-05;0.0015025586009840067;1.2821666666666616;1.462438017086237e+29
76.04_16.72;0.000116070230812158;0.009756072209624654;21.239199999999997;-1.407378830906188e+30;9.417536663730908e-05;0.007782907149402649;15.507266666666665;-7.062164148853222e+29;-2.1894864174848926e-05;-0.001973165060222005;-5.731933333333332;-7.011624160208657e+29
75.84_16.72;0.00010594973809631471;0.008753096590213645;22.17396666666667;-2.3649796291368442e+30;0.0001016966949472041;0.008638551973950862;17.0076;-8.283006256874948e+29;-4.253043149110615e-06;-0.00011454461626278327;-5.1663666666666686;-1.5366790034493495e+30
75.64_16.72;0.00016592164931931942;0.011407696841508943;25.849933333333333;-3.8033384008682396e+30;0.00035934189422927044;0.015554323183961242;24.2546;-1.0179543382645406e+30;0.00019342024490995102;0.0041466263424523;-1.5953333333333326;-2.785384062603699e+30
75.44_16.72;0.00016592164931931942;0.011407696841508943;25.849933333333333;-3.8033384008682396e+30;0.00033532417366686004;0.014978869832953217;23.49076666666667;-8.866992291628603e+29;0.00016940252434754062;0.003571172991444275;-2.3591666666666633;-2.9166391717053793e+30
75.24_16.72;0.0001666432646849792;0.011431058990084878;29.710166666666666;-1.597266700612012e+30;0.00026927969910050967;0.013616088226158245;24.356499999999997;-9.898988761861434e+29;0.00010263643441553046;0.0021850292360733672;-5.353666666666669;-6.073678244258685e+29
75.04_16.72;0.0001666432646849792;0.011431058990084878;29.710166666666666;-1.597266700612012e+30;0.0002692787579484769;0.013712033180234975;24.652266666666666;-9.813677958437667e+29;0.00010263549326349768;0.002280974190150097;-5.0579;-6.158989047682451e+29
74.84_16.72;0.0001520241881971428;0.010971026218360398;36.231766666666665;-6.340889664987021e+30;0.00021157440907874564;0.012576110932704745;30.47480000000001;-2.227559292561484e+30;5.955022088160284e-05;0.0016050847143443472;-5.756966666666656;-4.113330372425537e+30
74.64_16.72;0.0001520241881971428;0.010971026218360398;36.231766666666665;-6.340889664987021e+30;0.0003085347187901834;0.01465667681688879;29.90066666666667;-2.2902555239567393e+30;0.00015651053059304062;0.003685650598528392;-6.331099999999996;-4.050634141030282e+30
74.44_16.72;0.00020565714318439957;0.012737897396340523;817.6755333333333;-1.1430113118551397e+31;0.00029804927834992356;0.014619254291518747;608.6245333333334;-7.171026608521033e+30;9.239213516552399e-05;0.001881356895178224;-209.05099999999993;-4.2590865100303637e+30
74.24_16.72;0.00020565714318439957;0.012737897396340523;817.6755333333333;-1.1430113118551397e+31;0.00024443371918378914;0.01266039284417825;484.5781666666668;-4.1321599697446984e+30;3.8776575999389565e-05;-7.750455216227331e-05;-333.0973666666665;-7.297953148806698e+30
76.24_17.72;0.00014954290119808245;0.011117099001330259;30.11973333333333;-1.7662477681165276e+30;0.0001293685226884794;0.009652123352882645;25.819266666666667;-1.1172736266455855e+30;-2.0174378509603055e-05;-0.0014649756484476136;-4.3004666666666616;-6.489741414709421e+29
76.04_17.72;0.00014629072409407258;0.010904447823675311;29.8201;-1.5218081291706424e+30;0.0002749796788468905;0.013977853419345532;26.226866666666663;-1.4553767096341603e+30;0.00012868895475281791;0.003073405595670221;-3.5932333333333375;-6.643141953648216e+28
75.84_17.72;0.00016948021420956476;0.011601079825257233;28.95936666666666;-2.5246829434078256e+30;0.00039015888331101275;0.016101259092809246;26.1723;-1.2598234590435461e+30;0.000220678669101448;0.0045001792675520135;-2.787066666666661;-1.2648594843642795e+30
75.64_17.72;0.0001626399030406755;0.011322764973193651;27.447299999999995;-2.562657934719047e+30;0.0003530472991265766;0.015319192052680997;24.4239;-1.4981794246446327e+30;0.00019040739608590108;0.003996427079487346;-3.023399999999995;-1.0644785100744144e+30
75.44_17.72;0.0002622098298548181;0.014072590151265923;32.31023333333333;-2.4170715942647171e+30;0.0004976293169113673;0.0182886828165043;30.373533333333334;-1.344053626569342e+30;0.00023541948705654923;0.004216092665238376;-1.9366999999999948;-1.073017967695375e+30
75.24_17.72;0.0002622098298548181;0.014072590151265923;32.31023333333333;-2.4170715942647171e+30;0.0005185901966836835;0.01854585817163463;30.201099999999997;-1.4350630576155514e+30;0.0002563803668288654;0.004473268020368706;-2.1091333333333324;-9.820085366491657e+29
75.04_17.72;0.0002675475853048211;0.014130371830325143;32.07086666666666;-8.355750129243366e+30;0.0005875111213548347;0.02024800016997118;32.728366666666666;-3.2011126278541263e+30;0.0003199635360500136;0.006117628339646039;0.657500000000006;-5.15463750138924e+30
74.84_17.72;0.0002675475853048211;0.014130371830325143;32.07086666666666;-8.355750129243366e+30;0.0006283279267809851;0.020974391611348453;33.4702;-3.322947591040266e+30;0.000360780341476164;0.00684401978102331;1.3993333333333382;-5.0328025382031e+30
74.64_17.72;0.00032644843580409004;0.0154526627462802;45.26470000000001;-7.850815555598282e+30;0.0006136642809265962;0.020384751326057972;42.15183333333334;-3.7319377144671827e+30;0.00028721584512250616;0.004932088579777772;-3.112866666666669;-4.1188778411310996e+30
74.44_17.72;0.00043410004779883063;0.017567414510479502;21.838833333333337;-1.0320673742619788e+31;0.0007046841045516937;0.02157462057536631;9.081900000000001;-1.7512990633737055e+31;0.0002705840567528631;0.004007206064886807;-12.756933333333336;7.192316891117267e+30
74.24_17.72;0.00043410004779883063;0.017567414510479502;21.838833333333337;-1.0320673742619788e+31;0.000648598578231047;0.020646360909692907;7.626600000000002;-1.9977075982318284e+31;0.0002144985304322164;0.0030789463992134045;-14.212233333333335;9.656402239698496e+30
74.04_17.72;0.0004033686417834886;0.017087180679967024;-1545.8351333333333;-1.5210994472460794e+31;0.0005739698651698221;0.01995228441388215;-1944.309533333333;-1.129789586650613e+31;0.0001706012233863335;0.0028651037339151274;398.47439999999983;-3.9130986059546634e+30
77.24_18.72;0.00016366315568919787;0.01067574563250774;18.793233333333333;-1.5912027603625984e+30;0.00018075924759693846;0.009707960137835314;21.09883333333333;-3.2785738416885186e+30;1.7096091907740587e-05;-0.0009677854946724251;2.3055999999999983;1.6873710813259201e+30
77.04_18.72;0.00015932975558211165;0.01054730195129857;19.247333333333334;-1.3653118980542295e+30;0.00019424304921043312;0.010323048601562928;20.6784;-1.5032731019389358e+30;3.491329362832147e-05;-0.00022425334973564214;1.4310666666666663;1.3796120388470633e+29
76.84_18.72;0.00015289918835275444;0.010576425263236803;20.626600000000003;-1.1446333933014632e+30;0.00019064262657634114;0.010861113023755125;22.379533333333335;-3.434777324141105e+30;3.77434382235867e-05;0.0002846877605183224;1.7529333333333312;2.2901439308396419e+30
76.64_18.72;0.00015668971324282998;0.01101445057138811;22.339366666666667;-1.9254568234125604e+30;0.00017722052395445576;0.010642621649063448;22.452733333333335;-3.6054336339447755e+30;2.0530810711625783e-05;-0.0003718289223246622;0.11336666666666773;1.679976810532215e+30
76.44_18.72;0.00016789294494857736;0.011826519934763151;29.530733333333334;-3.0880894815464945e+30;0.000194698600840577;0.011568848722551239;25.73003333333333;-3.032098438297237e+30;2.6805655891999646e-05;-0.0002576712122119122;-3.8007000000000026;-5.599104324925762e+28
76.24_18.72;0.00016789294494857736;0.011826519934763151;29.530733333333334;-3.0880894815464945e+30;0.00025360304841232697;0.012978484282382926;26.802200000000003;-3.042165986655465e+30;8.57101034637496e-05;0.001151964347619775;-2.7285333333333313;-4.592349489102966e+28
76.04_18.72;0.00018253536661194395;0.012158281699653519;42.6664;-4.4125685472565613e+30;0.00026125194650752546;0.013383366122705503;30.437433333333335;-1.3421017476240356e+30;7.87165798955815e-05;0.0012250844230519836;-12.228966666666668;-3.070466799632526e+30
75.84_18.72;0.00029527638340610203;0.015045620281760392;48.254;-1.0314658567339037e+31;0.0004540914334752802;0.01755024030391543;41.307166666666674;-5.329542584449323e+30;0.00015881505006917816;0.0025046200221550373;-6.946833333333323;-4.9851159828897143e+30
75.64_18.72;0.00029527638340610203;0.015045620281760392;48.254;-1.0314658567339037e+31;0.00046210153108729494;0.017701008877663366;41.08793333333334;-5.517611567137194e+30;0.0001668251476811929;0.0026553885959029744;-7.166066666666659;-4.797047000201844e+30
75.44_18.72;0.0003377625283043322;0.015802155471289697;38.619400000000006;-4.822276402940126e+30;0.0006421082518076527;0.02075118541376443;37.16830000000001;-3.3037184758501066e+30;0.0003043457235033205;0.004949029942474734;-1.4510999999999967;-1.5185579270900195e+30
75.24_18.72;0.0003536772690232263;0.01609143017998873;39.51546666666666;-1.5442777692537875e+31;0.0006397301267284408;0.020898744111375177;39.1382;-7.385255736826211e+30;0.0002860528577052145;0.004807313931386448;-0.37726666666666375;-8.057521955711664e+30
75.04_18.72;0.00037976377397677625;0.01656866117287044;55.16116666666666;-1.86173631413178e+31;0.0007472203501194551;0.02267036437515483;52.22886666666667;-1.0806149402874147e+31;0.0003674565761426788;0.006101703202284391;-2.932299999999991;-7.811213738443652e+30
74.84_18.72;0.00034833756682712896;0.015859333247115522;44.0762;-3.6223478283408797e+30;0.000746386577938915;0.022720451484798877;44.49986666666667;-3.529128341823558e+30;0.000398049011111786;0.006861118237683355;0.4236666666666693;-9.32194865173218e+28
74.04_18.72;0.0003981068516817411;0.01671748766157853;19.647933333333338;-1.5470181454068705e+31;0.0005347105534736967;0.017923627163779047;2.020033333333337;-2.61846320967228e+31;0.00013660370179195556;0.0012061395022005157;-17.6279;1.0714450642654094e+31
77.24_19.72;0.00018892034201854576;0.01154118879960546;18.99096666666667;-5.945851893924667e+29;0.00019411433384913286;0.010295893683055243;19.516133333333332;-1.2051781880102346e+30;5.193991830587105e-06;-0.0012452951165502178;0.5251666666666637;6.105929986177679e+29
77.04_19.72;0.00018376141526918252;0.01145292371696752;19.602899999999995;-8.114108614822642e+29;0.00022358407536467192;0.011784762436810332;21.212833333333336;-9.26254847330381e+29;3.9822660095489403e-05;0.0003318387198428113;1.6099333333333412;1.1484398584811674e+29
76.84_19.72;0.00018376141526918252;0.01145292371696752;19.602899999999995;-8.114108614822642e+29;0.0002606390824605771;0.013191524344630863;22.743466666666663;-1.0507613021775192e+30;7.68776671913946e-05;0.001738600627663343;3.1405666666666683;2.39350440695255e+29
76.64_19.72;0.00017367898510871848;0.011656575859519213;23.986900000000006;-1.5500985709537867e+30;0.0002635380724786748;0.01328449593385056;25.341333333333335;-2.583505666753292e+30;8.985908736995634e-05;0.0016279200743313463;1.3544333333333292;1.0334070957995055e+30
76.44_19.72;0.00018190033586172122;0.012232888071234868;38.081599999999995;-6.158421515077949e+30;0.0002029677410411123;0.011679427870901883;30.405066666666666;-3.2550765747082853e+30;2.106740517939109e-05;-0.000553460200332985;-7.676533333333328;-2.903344940369664e+30
76.24_19.72;0.00018190033586172122;0.012232888071234868;38.081599999999995;-6.158421515077949e+30;0.00027780029500154617;0.01318153223829543;28.043233333333333;-2.0722770191638613e+30;9.589995913982495e-05;0.0009486441670605618;-10.038366666666661;-4.086144495914088e+30
76.04_19.72;0.00024021713080233246;0.013684683457438689;48.04216666666666;-1.2149011711913708e+31;0.00033672476997777696;0.01503836796262931;37.21743333333334;-4.323219689639122e+30;9.65076391754445e-05;0.001353684505190621;-10.82473333333332;-7.825792022274586e+30
75.84_19.72;0.00029075849555506905;0.014941639161440031;58.902566666666665;-7.647854298709246e+30;0.00034340177387683746;0.015403588425596883;45.79186666666667;-3.882591071166693e+30;5.2643278321768414e-05;0.00046194926415685234;-13.110699999999994;-3.765263227542553e+30
75.64_19.72;0.00038873940614627577;0.017043002311372447;4.4203666666666654;-2.726636894567818e+31;0.0005495708659408636;0.019061133143167076;4.680966666666669;-1.742224185000313e+31;0.00016083145979458783;0.0020181308317946296;0.2606000000000037;-9.844127095675051e+30
75.44_19.72;0.00038408889326216447;0.016893735418920034;49.968266666666665;-7.095997386602561e+30;0.0006104768569913645;0.020413425232511443;44.956766666666674;-4.070328017026609e+30;0.0002263879637292;0.003519689813591409;-5.011499999999991;-3.025669369575952e+30
75.24_19.72;0.00038408889326216447;0.016893735418920034;49.968266666666665;-7.095997386602561e+30;0.0006283863270716376;0.020750620450357322;46.031733333333335;-4.411220058146011e+30;0.0002442974338094731;0.0038568850314372877;-3.9365333333333297;-2.68477732845655e+30
75.04_19.72;0.00039610608999362233;0.017018624112728933;95.61933333333333;-1.2750663452441997e+31;0.0006999970189195718;0.021859656175247193;77.27633333333331;-1.2410669835286012e+31;0.0003038909289259495;0.00484103206251826;-18.343000000000018;-3.3999361715598484e+29
74.84_19.72;0.0003909093238079156;0.016776630834184812;77.01966666666664;-1.0835922171393842e+31;0.0007251258664577326;0.02228868369252055;66.16553333333334;-8.316858057345204e+30;0.000334216542649817;0.005512052858335739;-10.854133333333294;-2.5190641140486376e+30
74.64_19.72;0.0003887257786604117;0.016375815133366774;44.73136666666666;-1.5184920076583953e+30;0.000761938155676217;0.022870763799078948;49.757499999999986;-3.7348765939994835e+30;0.00037321237701580534;0.006494948665712173;5.026133333333327;2.2163845863410882e+30
74.24_19.72;0.0003945439883525493;0.016305808314617427;44.99166666666666;-9.581747647872057e+30;0.0007960704367090601;0.022265205712567633;46.044533333333334;-4.7569057098984926e+30;0.00040152644835651086;0.005959397397950206;1.0528666666666737;-4.824841937973565e+30
74.04_19.72;0.00039360457357940216;0.01659969962225153;30.537266666666667;-1.0342022395152877e+31;0.0005165614463258099;0.017154908135556958;64.30866666666667;-8.088856381688548e+30;0.00012295687274640772;0.0005552085133054274;33.7714;-2.253166013464328e+30
73.84_19.72;0.000383550230959296;0.01655896787258587;25.038666666666664;-7.166656856391346e+30;0.0005340868461201192;0.01777028115263288;-12.189199999999998;-2.4374361693589494e+30;0.0001505366151608232;0.001211313280047012;-12.849466666666666;-4.7292206870323965e+30
76.84_20.72;0.00014226425712203587;0.010224596762071731;17.6491;-5.569917458989705e+29;0.0001545836513272017;0.00982956570898441;17.40383333333333;-5.0418903355463084e+29;1.2319394205165826e-05;-0.00039503105308732155;-0.2452666666666694;-5.280271234433964e+28
76.64_20.72;0.00017353329197847847;0.011755911734858963;25.90576666666667;-1.8160685315391407e+30;0.00017114075938522993;0.010600543358542368;27.657533333333333;-4.898636310634872e+30;-2.3925325932485427e-06;-0.0011553683763165946;1.751766666666665;3.0825677790957315e+30
76.44_20.72;0.00019454575711119366;0.012529595560773375;32.05546666666666;-5.727512395481375e+30;0.0002180523833110715;0.011941155455558322;27.816866666666662;-9.594493653282552e+30;2.3506626199877828e-05;-0.0005884401052150528;-4.238599999999998;3.866981257801177e+30
76.24_20.72;0.0002140276287650129;0.0130375857079302;41.77699999999998;-9.292163273818339e+30;0.0002795544391244084;0.01338193024538588;33.75003333333333;-2.3787255016210366e+30;6.55268103593955e-05;0.00034434453745568055;-8.026966666666652;-6.913437772197302e+30
76.04_20.72;0.00031603346971266065;0.015529355391059598;60.6155;-1.0217928862347375e+31;0.0004566628155533888;0.017473428924344402;49.14146666666667;-6.474761926841178e+30;0.00014062934584072815;0.0019440735332848045;-11.474033333333324;-3.7431669355061974e+30
75.84_20.72;0.00031603346971266065;0.015529355391059598;60.6155;-1.0217928862347375e+31;0.0003587904559041914;0.015740818857399117;45.86436666666666;-5.856269071467681e+30;4.275698619153075e-05;0.00021146346633951936;-14.751133333333335;-4.3616597908796937e+30
75.64_20.72;0.0003981775738780728;0.017314035452696535;20.2558;-2.5672491425146606e+31;0.000531527008167006;0.01928306591253561;15.942833333333331;-1.7769988599984295e+31;0.00013334943428893316;0.0019690304598390766;-4.31296666666667;-7.90250282516231e+30
75.44_20.72;0.0004040251906902984;0.01738152819686455;12.024933333333339;-3.17045693658539e+31;0.0005553426091864593;0.019639650410764344;9.268466666666663;-2.188488952225443e+31;0.0001513174184961609;0.002258122213899795;-2.7564666666666753;-9.819679843599472e+30
75.24_20.72;0.0003942908027775985;0.01717145928181323;101.28713333333333;-1.195888855783488e+31;0.0005934040874818416;0.020334756365112186;89.58330000000001;-5.513317400247153e+30;0.0001991132847042431;0.003163297083298957;-11.703833333333321;-6.445571157587728e+30
75.04_20.72;0.0003600088904997358;0.016249969025689554;62.60223333333334;-2.7645084754263054e+31;0.000622249652670314;0.020342668274958946;52.048766666666666;-1.5253166013834675e+31;0.00026224076217057823;0.004092699249269392;-10.553466666666672;-1.239191874042838e+31
74.84_20.72;0.0003600088904997358;0.016249969025689554;62.60223333333334;-2.7645084754263054e+31;0.0006246745494860838;0.020069694617052557;51.34356666666667;-1.6058777771156717e+31;0.000264665658986348;0.003819725591363003;-11.25866666666667;-1.1586306983106337e+31
74.64_20.72;0.0003325591125114674;0.014979435934147557;66.93033333333334;-2.2684453025397833e+30;0.0006774841210402128;0.02056496528375065;55.974366666666675;-2.849557895253172e+30;0.0003449250085287454;0.005585529349603092;-10.955966666666662;5.811125927133889e+29
74.44_20.72;0.00034377532062703045;0.015200698114562766;-201.30096666666662;-7.981778678070047e+29;0.0006940273042495276;0.020743320574808204;-108.09106666666668;-2.211059781369537e+30;0.0003502519836224972;0.005542622460245438;-93.20989999999995;1.4128819135625324e+30
74.24_20.72;0.0003935083379059305;0.016469506267864725;16.3431;-2.0889437458629762e+30;0.0005842684595338488;0.018841427778381912;27.240333333333336;-7.222264145836511e+30;0.0001907601216279183;0.0023719215105171866;10.897233333333336;5.133320399973535e+30
74.04_20.72;0.0004182096663904112;0.017353574307477134;30.17836666666667;-5.528962739880843e+30;0.0005028517149430002;0.017214339098480826;-15.970933333333324;-2.767235513606356e+30;8.464204855258904e-05;-0.0001392352089963078;-14.207433333333345;-2.7617272262744875e+30
73.84_20.72;0.00041540013741626816;0.017422620264278942;-107.1295;-3.999242062875656e+30;0.0009834133229006193;0.025947070088012048;17.8641;-7.20554972469988e+30;0.0005680131854843511;0.008524449823733106;-89.2654;3.206307661824224e+30
73.64_20.72;0.0003474920153374659;0.016075503204094073;-69.38829999999999;-3.6972933738059477e+30;0.0013284712594329713;0.03251187690694933;17.169733333333333;-7.057001058920665e+30;0.0009809792440955054;0.016436373702855257;-52.21856666666665;3.359707685114718e+30
76.64_21.72;0.00012224581637654554;0.00936463451264339;17.14556666666667;-6.498691053673561e+29;0.0001485976430027902;0.009079781003619338;16.4303;-6.91512714907777e+29;2.6351826626244646e-05;-0.0002848535090240519;-0.7152666666666718;4.164360954042094e+28
76.44_21.72;0.00021768948616468628;0.013080370908672995;34.2281;-4.217090182474378e+30;0.0002233398412776624;0.012109962526496569;32.11786666666667;-4.338007054669195e+30;5.650355112976136e-06;-0.0009704083821764267;-2.1102333333333263;1.2091687219481691e+29
76.24_21.72;0.0002619823823939658;0.014216559333342225;38.5855;-8.776038727309449e+30;0.0003554826212105869;0.014781533619333926;31.690433333333328;-7.765804128500619e+30;9.35002388166211e-05;0.0005649742859917001;-6.895066666666676;-1.0102345988088304e+30
76.04_21.72;0.0002786711687966049;0.01463299481509685;40.569633333333336;-1.0160057812801834e+31;0.0003304125945950938;0.014642605933329658;32.24830000000001;-8.004967948332078e+30;5.1741425798488866e-05;9.611118232808608e-06;-8.321333333333328;-2.155089864469756e+30
75.84_21.72;0.0003345183224802588;0.01605545735131257;51.282233333333345;-1.0270634224590291e+31;0.0004084494627412786;0.016715716513647515;41.0936;-5.637770102018773e+30;7.393114026101977e-05;0.0006602591623349439;-10.188633333333343;-4.632864122571518e+30
75.64_21.72;0.00035362373868632485;0.016458905344028923;47.573266666666676;-2.104916226521955e+31;0.00045592349775812606;0.017866289890743327;40.48236666666665;-1.5219133811615648e+31;0.00010229975907180121;0.001407384546714404;-7.090900000000026;-5.830028453603901e+30
75.44_21.72;0.00035362373868632485;0.016458905344028923;47.573266666666676;-2.104916226521955e+31;0.0004517061855048805;0.017727991031964836;40.76456666666666;-1.6295425855654276e+31;9.808244681855567e-05;0.0012690856879359128;-6.808700000000016;-4.7537364095652736e+30
75.24_21.72;0.0003493454413419755;0.01628531165372343;38.86993333333334;-1.0533830764363948e+31;0.0005091193091241545;0.01857785667467409;35.57936666666667;-5.457990531770008e+30;0.000159773867782179;0.0022925450209506613;-3.2905666666666704;-5.07584023259394e+30
75.04_21.72;0.0003287616712486115;0.015288261524834932;32.43793333333333;-8.37537385705419e+30;0.0005454364079905416;0.018648614535182077;31.7556;-4.0289071845028104e+30;0.00021667473674193008;0.003360353010347145;-0.6823333333333323;-4.3464666725513796e+30
74.84_21.72;0.00032322274850258854;0.01496203558822982;34.13526666666667;-9.351946772591985e+30;0.0005537039225822133;0.01822643737801076;33.06346666666666;-4.627572425671647e+30;0.00023048117407962478;0.0032644017897809404;-1.0718000000000103;-4.7243743469203386e+30
74.64_21.72;0.0003321297685033776;0.014936633281805249;69.12689999999999;-7.736159656594138e+29;0.0005052253601857474;0.017226011313830576;59.217499999999994;-1.1780720990930217e+30;0.00017309559168236983;0.0022893780320253267;-9.909399999999998;4.044561334336079e+29
74.44_21.72;0.0003321297685033776;0.014936633281805249;69.12689999999999;-7.736159656594138e+29;0.0005898321429519644;0.018804013638858842;61.81706666666666;-1.276953966842278e+30;0.0002577023744485868;0.0038673803570535934;-7.30983333333333;5.033380011828641e+29
74.24_21.72;0.0004217640706331205;0.017269561479359517;31.935766666666666;-8.766558372438237e+30;0.000649722640883856;0.019907008686242452;35.588899999999995;-8.104471795388799e+30;0.00022795857025073552;0.0026374472068829355;3.6531333333333293;-6.62086577049438e+29
74.04_21.72;0.00040915025090497025;0.017193982839327614;28.119933333333332;-4.490751474892356e+31;0.000878010221749903;0.02320637936980933;36.72923333333333;-1.376804441058649e+31;0.00046885997084493273;0.006012396530481717;8.609300000000001;-3.113947033833707e+31
73.84_21.72;0.0003886713005521487;0.016772927670841483;-65.75783333333334;-3.413077067128813e+30;0.0012203149298548183;0.028293962182650397;-17.93313333333333;-1.0517544055946671e+31;0.0008316436293026696;0.011521034511808914;-47.82470000000001;7.104466988817858e+30
73.64_21.72;0.00030125337199584057;0.01451745584464752;-64.92613333333333;-4.047697603798482e+31;0.0007644524043216566;0.02266647484758755;17.927899999999998;-3.1987930575779316e+30;0.000463199032325816;0.00814901900294003;-46.99823333333333;-3.7278182980406885e+31
76.64_22.72;0.00023225660918572906;0.013482327110991704;34.95426666666667;-1.7962770177122724e+30;0.00021984251124258393;0.012059984873902255;33.9981;-1.4581553181296448e+30;-1.2414097943145138e-05;-0.0014223422370894488;-0.9561666666666682;-3.381216995826277e+29
76.44_22.72;0.00028527493621115555;0.014826633042511896;39.861999999999995;-7.543508911232569e+30;0.0002984701501025296;0.014003928489245697;36.566599999999994;-1.1556237326493868e+31;1.3195213891374039e-05;-0.000822704553266199;-3.2954000000000008;4.0127284152612996e+30
76.24_22.72;0.00028640402645822464;0.014829943953931184;35.23006666666667;-3.1023926385732675e+30;0.00028832178657982034;0.01380111644189341;31.352533333333334;-3.38604090502429e+30;1.9177601215957006e-06;-0.0010288275120377745;-3.8775333333333393;2.8364826645102226e+29
76.04_22.72;0.0002991151906600283;0.015063796180521286;28.15233333333334;-1.230505983918299e+30;0.0002712930596342827;0.013320521973204928;25.18973333333333;-8.412967337682721e+29;-2.7822131025745638e-05;-0.001743274207316358;-2.962600000000009;-3.892092501500269e+29
75.84_22.72;0.00029201221173972555;0.014700525264987755;25.087133333333334;-2.0663318629693796e+30;0.0003173319332575693;0.014363075080199248;22.804166666666667;-2.0478825967717568e+30;2.5319721517843728e-05;-0.00033745018478850697;-2.282966666666667;-1.8449266197622736e+28
75.64_22.72;0.00030016462630368736;0.015020856652728249;28.055533333333337;-1.1550067885142913e+30;0.00029742227206462434;0.013998433090020027;24.739633333333327;-6.836682754795889e+29;-2.7423542390630183e-06;-0.0010224235627082218;-3.31590000000001;-4.713385130347024e+29
75.44_22.72;0.0003179044360462738;0.015415505975269117;28.135033333333332;-2.231699487496253e+30;0.0003794209675630534;0.015808120908775383;26.25066666666667;-1.8040018521029276e+30;6.15165315167796e-05;0.00039261493350626654;-1.8843666666666614;-4.276976353933256e+29
75.24_22.72;0.0003288655005577501;0.015405842030257409;27.909799999999997;-9.947631567937086e+29;0.0004498821136427816;0.016916855565640463;27.57663333333333;-1.5688119450112128e+30;0.00012101661308503147;0.0015110135353830541;-0.33316666666666706;5.740487882175042e+29
75.04_22.72;0.0003288655005577501;0.015405842030257409;27.909799999999997;-9.947631567937086e+29;0.0005171790698965769;0.01784262984358681;27.963566666666665;-1.6950386012763512e+30;0.0001883135693388268;0.0024367878133294014;0.05376666666666807;7.002754444826426e+29
74.84_22.72;0.0003253897544880142;0.014643081565225735;34.989266666666666;-7.544600195635962e+30;0.000539089727016996;0.017236497855494953;34.31003333333334;-5.059984395291519e+30;0.00021369997252898175;0.002593416290269218;-0.6792333333333289;-2.4846158003444427e+30
74.64_22.72;0.00034807042438847994;0.015093699943031303;131.23763333333335;-1.0416131957267884e+30;0.0005375753774280301;0.017066811000404025;133.1238;-2.6901948035499056e+30;0.00018950495303955017;0.0019731110573727225;1.8861666666666395;1.6485816078231174e+30
74.44_22.72;0.00034807042438847994;0.015093699943031303;131.23763333333335;-1.0416131957267884e+30;0.0005459360050275203;0.01699358357147117;136.85136666666668;-2.9461900824777707e+30;0.00019786558063904035;0.001899883628439866;5.613733333333329;1.9045768867509825e+30
74.24_22.72;0.00039567842252003594;0.016642382528647238;32.70686666666667;-4.3084595480712826e+30;0.0006494639309124401;0.01929131675018464;36.082899999999995;-6.687326918726201e+30;0.00025378550839240415;0.0026489342215374016;3.376033333333325;2.3788673706549184e+30
74.04_22.72;0.0003716710649537712;0.016160670492181554;-9.554966666666665;-1.5385172232002877e+31;0.0006922628225597778;0.020236246972342307;21.695299999999996;-3.820304884042784e+30;0.0003205917576060066;0.004075576480160752;12.14033333333333;-1.1564867347960093e+31
73.84_22.72;0.00033517579551397127;0.015106091592107887;-21.018966666666667;-1.4354157297794465e+31;0.0004655924930233684;0.01511268335376546;-4.662366666666668;-4.7923610612272945e+30;0.00013041669750939714;6.591761657572318e-06;-16.3566;-9.56179623656717e+30
76.84_23.72;0.0002350956716027944;0.013544334893264651;30.066300000000002;-3.220490929327846e+30;0.00026201192706159333;0.013225934863457437;33.93203333333334;-6.50504417083617e+30;2.691625545879893e-05;-0.0003184000298072139;3.865733333333335;3.284553241508324e+30
76.64_23.72;0.00024099685415867372;0.013681039602022995;27.650566666666656;-1.326442710140707e+30;0.00023487722475415301;0.012348561410475488;28.276599999999995;-1.2777358009087875e+30;-6.1196294045207035e-06;-0.0013324781915475068;0.6260333333333392;-4.870690923191955e+28
76.44_23.72;0.00024099685415867372;0.013681039602022995;27.650566666666656;-1.326442710140707e+30;0.00021880665351577068;0.012035948902995515;24.856566666666666;-8.929399535014091e+29;-2.2190200642903038e-05;-0.00164509069902748;-2.79399999999999;-4.3350275663929795e+29
76.24_23.72;0.00026222020427031217;0.014130394052119109;23.768133333333335;-1.1675326992480486e+30;0.00024184632418078897;0.012427640566282995;20.163033333333335;-1.2702296924425324e+30;-2.0373880089523194e-05;-0.001702753485836114;-3.6051;1.0269699319448379e+29
76.04_23.72;0.0003030743648099624;0.014772350597638107;20.767300000000002;-9.189106512390469e+29;0.0002447318279863488;0.011890662249069277;16.465800000000005;-8.121589367159514e+29;-5.834253682361363e-05;-0.0028816883485688304;-4.301499999999997;-1.067517145230955e+29
75.84_23.72;0.00034145727782620923;0.015448332960846054;22.399466666666665;-1.0921561445383652e+30;0.0002589472407114084;0.012150123130336732;19.089766666666662;-1.0786866270008507e+30;-8.251003711480081e-05;-0.0032982098305093226;-3.309700000000003;-1.34695175375145e+28
75.64_23.72;0.00034145727782620923;0.015448332960846054;22.399466666666665;-1.0921561445383652e+30;0.00034090892248074886;0.013678865029221282;19.21676666666667;-9.263206513445495e+29;-5.483553454603681e-07;-0.0017694679316247724;-3.182699999999997;-1.6583549319381573e+29
75.44_23.72;0.000364473922164056;0.015915136473863143;24.536233333333332;-1.57081562816626e+30;0.0004387855998338746;0.015992036794993274;23.371933333333335;-1.1056220167866268e+30;7.431167766981862e-05;7.69003211301307e-05;-1.1642999999999972;-4.651936113796331e+29
75.24_23.72;0.0003291708957917583;0.014971627960173255;29.142033333333337;-2.1280596517618112e+30;0.0004684132358169387;0.016118580687603995;28.440566666666665;-1.9371481857044197e+30;0.0001392423400251804;0.0011469527274307403;-0.701466666666672;-1.909114660573914e+29
75.04_23.72;0.00032169814974054894;0.014721490133085527;33.27703333333333;-9.793125693591496e+29;0.00046410712868597204;0.01609743638058108;32.903400000000005;-2.0411488048301072e+30;0.0001424089789454231;0.001375946247495553;-0.3736333333333235;1.0618362354709577e+30
74.84_23.72;0.00033602780617971427;0.014898023457812834;-284.4046666666666;-6.976579413482555e+29;0.0004966714770756353;0.01657463603896728;-230.9954666666667;-1.2977484074161876e+30;0.00016064367089592098;0.0016766125811544467;-53.40919999999994;6.0009046606793204e+29
74.64_23.72;0.0003639466067372652;0.015802985199797108;15.218333333333334;-8.908665647415554e+29;0.0004948500275326767;0.016573148744990936;16.861266666666662;-8.918354645628372e+29;0.00013090342079541146;0.0007701635451938284;1.6429333333333282;9.688998212817405e+26
74.44_23.72;0.000381294745305418;0.01630177732508091;22.80623333333333;-1.801919804624512e+30;0.0005738274325006145;0.018160778298140282;24.83036666666667;-1.3259010959798016e+30;0.0001925326871951965;0.0018590009730593722;2.0241333333333387;-4.760187086447104e+29
74.24_23.72;0.0004270487937248145;0.017583731905840158;2749.2413;-2.6982834221382257e+31;0.0006093130490753756;0.01883388313377909;313.4269333333333;-1.0823471018918597e+32;0.00018226425535056108;0.001250151227938933;-2435.814366666667;8.125187596780373e+31
77.24_24.72;0.00011070300747736294;0.008075873491486084;14.3365;-5.773308076742982e+29;0.00017104991769219962;0.009563543429499638;17.409166666666668;-9.093417090088984e+29;6.0346910214836684e-05;0.0014876699380135545;3.0726666666666684;3.320109013346002e+29
77.04_24.72;0.00021704255359611204;0.012788455758060637;26.81623333333333;-3.426822819254939e+30;0.0002644078728661512;0.013098275471747295;32.8141;-6.034988927812398e+30;4.736531927003915e-05;0.00030981971368665776;5.997866666666674;2.6081661085574593e+30
76.84_24.72;0.00022846619368294854;0.013494724806716577;24.819466666666667;-1.4286948126891174e+30;0.00022117016764582742;0.01226821918359106;24.81793333333333;-2.022524520434108e+30;-7.296026037121114e-06;-0.0012265056231255175;-0.0015333333333380494;5.9382970774499064e+29
76.64_24.72;0.00022846619368294854;0.013494724806716577;24.819466666666667;-1.4286948126891174e+30;0.00021843834341048023;0.012018830401590071;24.052666666666664;-1.884127523851917e+30;-1.002785027246831e-05;-0.0014758944051265054;-0.7668000000000035;4.554327111627997e+29
76.44_24.72;0.00019107929577859162;0.012267799458781514;18.73886666666666;-6.918633558395207e+29;0.00018376975430322488;0.010599916018754615;16.99313333333333;-7.710249164438885e+29;-7.3095414753667355e-06;-0.0016678834400268988;-1.7457333333333303;7.916156060436785e+28
76.24_24.72;0.00028011134250733964;0.014270207212373938;19.39426666666667;-6.417346875297977e+29;0.00020896280433246037;0.011344918094922964;16.179266666666667;-7.181125822193549e+29;-7.114853817487927e-05;-0.0029252891174509736;-3.2150000000000034;7.63778946895572e+28
76.04_24.72;0.00028011134250733964;0.014270207212373938;19.39426666666667;-6.417346875297977e+29;0.0001961280612479076;0.010629612942254913;15.239366666666665;-6.679376635604094e+29;-8.398328125943204e-05;-0.003640594270119025;-4.154900000000005;2.6202976030611745e+28
75.84_24.72;0.00035226884636437673;0.01570287135029445;22.571833333333334;-1.217953107975849e+30;0.0002745825554514195;0.012152878478375102;17.388333333333335;-9.578022903482274e+29;-7.768629091295723e-05;-0.0035499928719193476;-5.183499999999999;-2.6015081762762153e+29
75.64_24.72;0.0003476712264469993;0.01545010978616363;24.14983333333333;-1.3870928106722286e+30;0.0003830250796831418;0.014419964623608096;21.538233333333334;-1.482654309644895e+30;3.5353853236142505e-05;-0.0010301451625555347;-2.6115999999999957;9.556149897266642e+28
75.44_24.72;0.0003359081480312418;0.015183658783682944;32.42609999999999;-5.213693032409436e+30;0.00039374401351976426;0.015082023098649743;29.99086666666667;-3.5778956213617385e+30;5.783586548852249e-05;-0.00010163568503320126;-2.435233333333322;-1.635797411047698e+30
75.24_24.72;0.0003359081480312418;0.015183658783682944;32.42609999999999;-5.213693032409436e+30;0.00039815708570930386;0.015046018236397207;31.340299999999996;-4.487054815034135e+30;6.224893767806209e-05;-0.0001376405472857372;-1.0857999999999954;-7.266382173753011e+29
75.04_24.72;0.00034990179739669724;0.015541206804585171;3.0254666666666648;-8.079085311554158e+30;0.0004796765942695719;0.016583683239420256;6.134666666666664;-7.485462630267535e+30;0.0001297747968728747;0.0010424764348350851;3.1091999999999995;-5.936226812866231e+29
74.84_24.72;0.0003845155967243127;0.016505948454815175;25.113400000000002;-9.61209551171835e+30;0.0005314514020843663;0.01783960297705414;21.99863333333333;-1.039774290516286e+31;0.0001469358053600536;0.001333654522238964;-3.1147666666666716;7.856473934445095e+29
74.64_24.72;0.0003845155967243127;0.016505948454815175;25.113400000000002;-9.61209551171835e+30;0.0005947211648267227;0.018699314320938062;23.07943333333333;-8.594653086427161e+30;0.00021020556810241;0.002193365866122888;-2.0339666666666716;-1.017442425291189e+30
74.44_24.72;0.00045880069754520404;0.018366236769364;7.2767;-7.823715832212602e+30;0.0005932042145106733;0.01932526518911222;20.96663333333333;-4.061759373663838e+30;0.00013440351696546925;0.0009590284197482195;13.68993333333333;-3.761956458548764e+30
77.44_25.72;0.0001095010947816588;0.008540402017639313;11.762466666666665;-4.180770822835512e+29;0.0001333190308757263;0.008487136779666274;12.210900000000002;-7.222947639282018e+29;2.38179360940675e-05;-5.32652379730391e-05;0.44843333333333746;3.0421768164465053e+29
77.24_25.72;0.00011139657125221666;0.008664397360693587;13.698466666666665;-5.4975473899375e+29;0.0001708931161277671;0.009923054668288573;17.540266666666664;-1.0577644291600389e+30;5.949654487555044e-05;0.0012586573075949858;3.841799999999999;5.0800969016628886e+29
77.04_25.72;0.00016475489477572744;0.011146990804899904;19.488133333333334;-1.1048511896717141e+30;0.00020363360698970862;0.011064579113797874;22.758966666666662;-2.5059024640443774e+30;3.887871221398118e-05;-8.241169110203075e-05;3.2708333333333286;1.401051274372663e+30
76.84_25.72;0.00016475489477572744;0.011146990804899904;19.488133333333334;-1.1048511896717141e+30;0.00017927799119495734;0.010682479297177892;20.988166666666665;-1.950795165748651e+30;1.4523096419229896e-05;-0.0004645115077220128;1.5000333333333309;8.459439760769369e+29
76.64_25.72;0.00016283783050951854;0.011189890430979366;18.908833333333337;-1.7120573682496717e+30;0.00018459652619494407;0.010329046891050115;18.076166666666666;-2.91518856340631e+30;2.175869568542553e-05;-0.0008608435399292506;-0.8326666666666718;1.203131195156638e+30
76.44_25.72;0.00022824894554739287;0.012985832157763182;18.194766666666666;-9.385321973263013e+29;0.0001732843813576318;0.009837446656155992;14.880066666666666;-8.336274918320794e+29;-5.4964564189761056e-05;-0.00314838550160719;-3.3147;-1.0490470549422184e+29
76.24_25.72;0.00022824894554739287;0.012985832157763182;18.194766666666666;-9.385321973263013e+29;0.00018126104775151568;0.009864126671259259;14.748866666666666;-8.25592746022134e+29;-4.698789779587718e-05;-0.003121705486503923;-3.4459;-1.1293945130416723e+29
76.04_25.72;0.0003189866170044381;0.014906012762221494;22.388733333333334;-8.30294476581954e+29;0.00022327359071620633;0.011223214733048954;18.194533333333332;-5.181900497068581e+29;-9.571302628823177e-05;-0.0036827980291725404;-4.194200000000002;-3.1210442687509586e+29
75.84_25.72;0.00029622200170430977;0.014322552450186106;24.353099999999994;-1.5931990446987537e+30;0.00021753696515493948;0.011244055863512698;20.712799999999994;-1.3209163351029723e+30;-7.86850365493703e-05;-0.0030784965866734078;-3.6403;-2.722827095957814e+29
75.64_25.72;0.00029808208257163364;0.014448183432412349;33.91796666666667;-2.955581191920008e+30;0.0002983643814788884;0.013022414220605988;29.22863333333333;-1.9589083223616843e+30;2.822989072547369e-07;-0.001425769211806361;-4.689333333333341;-9.966728695583234e+29
75.44_25.72;0.00031007440934764945;0.014723782925571614;47.1476;-9.138502020260321e+30;0.0003800550813796327;0.0148136243926507;41.245566666666654;-5.845127618677048e+30;6.998067203198326e-05;8.98414670790857e-05;-5.902033333333343;-3.293374401583273e+30
75.24_25.72;0.0003421979644606405;0.015659830663026102;16.174866666666667;-8.275828204040799e+30;0.00041999304282814567;0.015410118832443084;14.836366666666667;-7.878401156002137e+30;7.779507836750516e-05;-0.0002497118305830187;-1.3384999999999998;-3.9742704803866136e+29
75.04_25.72;0.00038155464571981213;0.016568963997429808;-427.6204666666667;-4.171031420234702e+30;0.0005204874635859033;0.017663564633773603;-172.09709999999998;-4.6509110521840655e+30;0.00013893281786609118;0.0010946006363437948;-255.5233666666667;4.798796319493636e+29
74.84_25.72;0.0004327906713527544;0.01776115272588874;6.102266666666666;-2.7543946703017345e+30;0.0005499039017337987;0.018448449438969245;14.592200000000002;-2.9880789697611883e+30;0.00011711323038104428;0.0006872967130805048;8.489933333333337;2.336842994594538e+29
77.64_26.72;0.00014797594885372913;0.010127946327898698;15.270366666666666;-4.740034516256267e+29;0.00011337781175455856;0.008247495231139353;13.698;-4.947285877212486e+29;-3.459813709917057e-05;-0.0018804510967593453;-1.5723666666666656;2.072513609562192e+28
77.44_26.72;0.0001493609720103812;0.010164175615771738;14.376766666666667;-3.7126355202227915e+29;0.00010531899229473234;0.0076891685403236475;12.140133333333333;-5.27136100184106e+29;-4.404197971564885e-05;-0.002475007075448091;-2.2366333333333337;1.5587254816182688e+29
77.24_26.72;0.0001299001543184934;0.009556435017225636;13.50903333333333;-4.068529284284238e+29;0.00010582373682125697;0.007496527785498553;11.627299999999998;-6.532928715527044e+29;-2.407641749723644e-05;-0.0020599072317270834;-1.8817333333333313;2.4643994312428056e+29
77.04_26.72;0.0001308502752683434;0.009671698240356569;13.944600000000003;-2.9706915531765954e+29;0.00012072151562383531;0.007991472333183028;13.196466666666668;-2.8670016603850626e+29;-1.0128759644508086e-05;-0.0016802259071735416;-0.7481333333333353;-1.0368989279153286e+28
76.84_26.72;0.00012716807143753036;0.009600929650248651;14.599433333333334;-3.876329654593643e+29;0.00016635825037430657;0.00974165470439045;17.0554;-5.5272560335180306e+29;3.919017893677621e-05;0.00014072505414179821;2.455966666666665;1.6509263789243874e+29
76.64_26.72;0.00012716807143753036;0.009600929650248651;14.599433333333334;-3.876329654593643e+29;0.0001570470340869597;0.00928102349405443;16.1302;-4.997057974875871e+29;2.9878962649429355e-05;-0.00031990615619422076;1.5307666666666648;1.120728320282228e+29
76.44_26.72;0.00020254010636246966;0.012108094443925877;16.9899;-5.942970731533377e+29;0.00017145493541892288;0.00991205518349133;15.855566666666665;-1.0948529011968745e+30;-3.1085170943546785e-05;-0.0021960392604345475;-1.134333333333334;5.0055582804353685e+29
76.24_26.72;0.00029692660593787706;0.014404303977065514;23.048766666666662;-1.1218002099022233e+30;0.00021447840082316645;0.010636650563196941;17.58853333333333;-6.712553506830685e+29;-8.244820511471061e-05;-0.0037676534138685724;-5.460233333333331;-4.505448592191549e+29
76.04_26.72;0.000281145675887449;0.014350157705757491;218.8861;-2.1883315404976076e+30;0.000259663985836738;0.011267147258944513;164.9884;-1.8510608223790685e+30;-2.148169005071097e-05;-0.003083010446812978;-53.897699999999986;-3.3727071811853915e+29
75.84_26.72;0.0002764561447495829;0.014199325542508195;-1.344033333333331;-7.172121484346197e+31;0.000265432660732221;0.011807154406481463;1.3253666666666664;-3.7065465028183105e+31;-1.1023484017361868e-05;-0.0023921711360267318;-0.01866666666666461;-3.4655749815278864e+31
75.64_26.72;0.0002764561447495829;0.014199325542508195;-1.344033333333331;-7.172121484346197e+31;0.0002860661409662974;0.012592435702218333;4.381333333333334;-3.3321292117057637e+31;9.609996216714532e-06;-0.0016068898402898622;3.0373000000000028;-3.839992272640433e+31
75.44_26.72;0.00033546956899215604;0.01564233176335043;23.147800000000004;-3.979533154931026e+30;0.00044210413783719475;0.016072669440861036;22.57813333333333;-3.471501477846417e+30;0.00010663456884503871;0.00043033767751060603;-0.5696666666666736;-5.080316770846092e+29
75.24_26.72;0.0004047481350404845;0.01723141921144815;16.738433333333333;-1.1707732213942052e+31;0.000525308806567521;0.017649799880504292;20.602733333333333;-8.402066150687901e+30;0.00012056067152703653;0.00041838066905614327;3.8643;-3.305666063254151e+30
77.64_27.72;0.00014548793832541105;0.010104343385046054;17.37816666666667;-7.82303299689794e+29;0.00011242525925831205;0.008097195811324174;17.423966666666665;-7.675967207871327e+29;-3.3062679067098996e-05;-0.00200714757372188;0.04579999999999629;-1.4706578902661395e+28
77.44_27.72;0.00022284057807850702;0.012696706011302196;18.045299999999997;-8.287396957371009e+29;0.00013074375832209994;0.009226103384517749;14.328000000000003;-5.733181703874079e+29;-9.209681975640708e-05;-0.003470602626784447;-3.7172999999999945;-2.55421525349693e+29
77.24_27.72;0.00026334446728938117;0.013923537712571118;19.070533333333334;-6.368776253418011e+29;0.00012056354713148352;0.008776095684236653;13.285033333333335;-6.795418445160708e+29;-0.00014278092015789764;-0.005147442028334465;-5.785499999999999;4.266421917426968e+28
77.04_27.72;0.00026952291759010217;0.014145121571517824;19.32636666666667;-8.912796713674589e+29;0.0001253411292825729;0.008793344445786198;12.665166666666666;-4.3701740934304576e+29;-0.00014418178830752926;-0.005351777125731627;-6.661200000000003;-4.542622620244132e+29
76.84_27.72;0.00026952291759010217;0.014145121571517824;19.32636666666667;-8.912796713674589e+29;0.00011483782826267181;0.008024598157488162;11.951099999999999;-4.721261180405684e+29;-0.00015468508932743035;-0.006120523414029662;-7.37526666666667;-4.1915355332689054e+29
76.64_27.72;0.0003063951657432143;0.015095465617267776;20.05573333333333;-9.601497864384183e+29;0.0001437354944012724;0.008966796705918994;12.4319;-2.2419223894841865e+29;-0.0001626596713419419;-0.0061286689113487815;-7.623833333333328;-7.359575474899996e+29
76.44_27.72;0.0003436558393442692;0.015742815661252744;22.092033333333333;-8.259600429799594e+29;0.0002008517491875435;0.011048991655991587;18.04493333333333;-1.0076374514148896e+30;-0.0001428040901567257;-0.004693824005261157;-4.047100000000004;1.816774084349302e+29
76.24_27.72;0.0003589507045810254;0.016093979292397483;40.301433333333335;-7.148274990329619e+30;0.000264369742728685;0.012679073522062292;41.462633333333336;-9.912531039484604e+30;-9.458096185234038e-05;-0.003414905770335191;1.161200000000001;2.7642560491549847e+30
76.04_27.72;0.00035350103105417344;0.016367859194751946;39.25206666666668;-1.6497603407256957e+31;0.00033600060406896996;0.01337798907421072;39.0635;-1.4215013460825954e+31;-1.750042698520348e-05;-0.002989870120541225;-0.18856666666668076;-2.2825899464310033e+30
75.84_27.72;0.00035350103105417344;0.016367859194751946;39.25206666666668;-1.6497603407256957e+31;0.000392309531064623;0.01425726678963905;37.04960000000001;-9.50019127630737e+30;3.880850001044959e-05;-0.002110592405112896;-2.202466666666666;-6.997412130949587e+30
75.64_27.72;0.00039942757169727366;0.0175669911583299;73.23473333333335;-7.332279150705119e+30;0.0004295870973265693;0.015461201860323116;71.47403333333334;-2.778475560072911e+30;3.0159525629295657e-05;-0.0021057892980067827;-1.7607000000000141;-4.553803590632208e+30
75.44_27.72;0.0004599008646081905;0.018807190799899714;3.7014999999999967;-1.0533338486898286e+31;0.0005085904289891191;0.017028447830922014;2.5028;-7.664522726096009e+30;4.8689564380928637e-05;-0.0017787429689777;-1.1986999999999965;-2.868815760802277e+30
77.64_28.72;0.00020651885879482778;0.012082191162732773;19.834333333333337;-1.2334178688531868e+30;0.0001601488726779864;0.009881020395602394;20.69883333333333;-1.3568649295802377e+30;-4.6369986116841385e-05;-0.002201170767130379;0.8644999999999925;1.2344706072705094e+29
77.44_28.72;0.00020651885879482778;0.012082191162732773;19.834333333333337;-1.2334178688531868e+30;0.00016171487000410015;0.009663427655720761;20.0994;-1.2756077170262117e+30;-4.4803988790727625e-05;-0.0024187635070120114;0.26506666666666234;4.218984817302493e+28
77.24_28.72;0.00029397742447952174;0.014819281637296046;26.016799999999996;-3.737034816421864e+30;0.0001883186769843401;0.010336142700226685;22.285500000000003;-6.009347293548282e+30;-0.00010565874749518165;-0.004483138937069361;-3.731299999999994;2.272312477126418e+30
77.04_28.72;0.00029492097516575674;0.01513230307608771;18.570566666666668;-7.47333607163534e+30;0.00019246763806442257;0.010548172118786668;10.557466666666667;-8.407212611839905e+30;-0.00010245333710133417;-0.004584130957301043;-8.013100000000001;9.33876540204565e+29
76.84_28.72;0.0003268701246204037;0.015832382535980176;33.46633333333333;-9.880083693054616e+29;0.00017045480674195154;0.010018620912563824;30.212066666666665;-6.600833351001095e+29;-0.00015641531787845218;-0.005813761623416352;-3.254266666666666;-3.279250342053521e+29
76.64_28.72;0.0003268701246204037;0.015832382535980176;33.46633333333333;-9.880083693054616e+29;0.00015627454815993118;0.00954703536378826;30.51583333333333;-6.595796947478968e+29;-0.00017059557646047254;-0.006285347172191915;-2.9505000000000017;-3.284286745575648e+29
76.44_28.72;0.0003428652059796778;0.015991328240845714;-12.628533333333339;-1.3568393211924335e+30;0.00022912975047035452;0.011773082809016424;-35.25583333333334;-1.620044780866398e+30;-0.00011373545550932328;-0.00421824543182929;22.627300000000005;2.632054596739644e+29
76.24_28.72;0.00036871518127351127;0.016527006335607764;152.78313333333332;-7.336328558648178e+30;0.000326463499574075;0.013962628081709538;168.71526666666665;-1.604424405748801e+31;-4.225168169943625e-05;-0.002564378253898226;15.932133333333326;8.707915498839832e+30
76.04_28.72;0.00036871518127351127;0.016527006335607764;152.78313333333332;-7.336328558648178e+30;0.0003286715909883856;0.013571163686251709;121.24289999999998;-1.0456953683425232e+31;-4.004359028512565e-05;-0.0029558426493560552;-31.540233333333347;3.120625124777054e+30
75.84_28.72;0.0004861033016668015;0.019454241210208778;-30.69056666666667;-3.4963219386560543e+30;0.0004735342274060502;0.016387915517880436;-36.29423333333333;-4.048672131865208e+30;-1.2569074260751283e-05;-0.003066325692328342;5.603666666666662;5.523501932091537e+29
75.64_28.72;0.0005876751166652963;0.021513457115994783;13.748700000000001;-4.7662863851511834e+30;0.000628783070787371;0.018790536366849655;9.275333333333334;-3.9396827324135076e+30;4.110795412207472e-05;-0.002722920749145128;-4.473366666666667;-8.266036527376758e+29
77.44_29.72;0.0003058279440648235;0.014855595165667122;-66.49083333333333;-9.270966695339555e+29;0.0002536367325961743;0.012024934682245953;-129.06996666666663;-1.913062529665792e+30;-5.219121146864917e-05;-0.002830660483421168;62.5791333333333;9.859658601318364e+29
77.24_29.72;0.0003058279440648235;0.014855595165667122;-66.49083333333333;-9.270966695339555e+29;0.0002847128650542762;0.011463216555691517;-95.56653333333333;-9.894702730734845e+29;-2.111507901054728e-05;-0.0033923786099756045;29.075699999999998;6.2373603539528994e+28
77.04_29.72;0.0004093084704491436;0.0169377062079793;48.907000000000004;-1.2079634368706897e+30;0.0004237304058255675;0.015465760153998347;53.75933333333333;-1.6684271498163536e+30;1.4421935376423916e-05;-0.0014719460539809534;4.852333333333327;4.604637129456639e+29
76.84_29.72;0.0004093084704491436;0.0169377062079793;48.907000000000004;-1.2079634368706897e+30;0.0004199940013013659;0.01536523343755845;56.859666666666676;-1.7106580852536025e+30;1.0685530852222284e-05;-0.0015724727704208505;7.952666666666673;5.026946483829128e+29
76.64_29.72;0.00041191405543306974;0.017683843810986467;18.528799999999997;-1.1269248890071494e+31;0.0003646505104522197;0.014017275518372242;17.251133333333332;-9.398629911666126e+30;-4.7263544980850024e-05;-0.0036665682926142248;-1.277666666666665;-1.8706189784053686e+30
76.44_29.72;0.0004409243488757393;0.01845646781665783;-69.9789;-8.688993894606562e+30;0.00041688670001115244;0.015006913711984643;-95.13010000000003;-7.065256449372095e+30;-2.403764886458687e-05;-0.0034495541046731856;25.15120000000003;-1.6237374452344675e+30
76.24_29.72;0.0004596620985204637;0.019057258571537807;-0.5052666666666672;-1.1291132256523665e+31;0.0004271953862734585;0.015747717175551543;-6.381700000000004;-1.0309569175001563e+31;-3.246671224700523e-05;-0.003309541395986264;5.8764333333333365;-9.815630815221023e+29
76.04_29.72;0.0005496582968315217;0.020918804206270864;14.842099999999997;-2.321545543102351e+30;0.0005509560816379059;0.017598399629548282;10.109966666666667;-1.9609586535687956e+30;1.2977848063841979e-06;-0.003320404576722582;-4.73213333333333;-3.605868895335553e+29
77.24_30.72;0.0004099010362321718;0.016965467354804118;3.3550000000000026;-1.154795630041359e+31;0.00047463890709481765;0.016380310259036624;6.794166666666668;-1.2212661459214658e+31;6.473787086264587e-05;-0.000585157095767494;3.4391666666666656;6.647051588010665e+29
77.04_30.72;0.000472313957773966;0.01770087530081433;-8.224966666666672;-1.096132574415887e+31;0.0006401878252169951;0.019820761845579835;4.119400000000001;-1.9301687535720743e+31;0.00016787386744302905;0.002119886544765505;-4.105566666666672;8.340361791561873e+30
76.84_30.72;0.0005356420011770277;0.018365374415650462;12.94426666666667;-2.3676680473933055e+30;0.0007194933263413958;0.020923800633082114;36.95130000000002;-1.1119929191759573e+31;0.00018385132516436815;0.0025584262174316516;24.007033333333347;8.752261144366267e+30
76.64_30.72;0.000590116356968351;0.02006484970798666;15.916666666666668;-4.9093270111458904e+30;0.0006900550787269366;0.02036359696723359;24.285499999999995;-1.0909315694041961e+31;9.993872175858556e-05;0.000298747259246928;8.368833333333328;5.999988682896071e+30
76.44_30.72;0.0006733820713952552;0.022878800303666867;21.0453;-5.495635923932852e+30;0.000665013445741802;0.01925112854181401;16.313966666666662;-3.718099268443207e+30;-8.368625653453225e-06;-0.0036276717618528576;-4.731333333333339;-1.7775366554896446e+30
76.24_30.72;0.0006733820713952552;0.022878800303666867;21.0453;-5.495635923932852e+30;0.0006681827101478841;0.01961874647321204;17.019066666666664;-3.707984843663564e+30;-5.199361247371103e-06;-0.0032600538304548288;-4.026233333333337;-1.787651080269288e+30
77.04_31.72;0.00048542382525092236;0.0179500087427869;0.6691333333333314;-5.616211274448843e+30;0.0007261101571677442;0.021270523370842894;23.90483333333333;-1.4683100620132952e+31;0.00024068633191682182;0.0033205146280559927;23.235699999999998;9.066889345684109e+30
76.84_31.72;0.000499208066394409;0.018238166927017806;18.8143;-4.263497294413569e+30;0.0008051471042231553;0.02254430770282937;90.34683333333334;-1.973737844213485e+31;0.0003059390378287463;0.004306140775811564;71.53253333333333;1.547388114772128e+31
76.64_31.72;0.0005485928447994706;0.018593652827589343;24.598966666666673;-6.816929287867145e+30;0.000839744532746288;0.023429816242313786;97.49416666666664;-7.039134074820555e+31;0.00029115168794681737;0.004836163414724443;72.89519999999997;6.357441146033841e+31
76.44_31.72;0.0006197011384706952;0.02029684553920787;20.4772;-3.209338651313307e+30;0.0008523198719661446;0.02349185417176071;52.340799999999994;-2.3668650511132976e+31;0.00023261873349544947;0.003195008632552839;31.863599999999995;2.045931185981967e+31
76.84_32.72;0.00045403502801820975;0.017622140685018384;8.541733333333335;-9.568471223267728e+30;0.0007933502726100571;0.02192268930316584;27.497133333333338;-5.623270435580724e+31;0.00033931524459184735;0.004300548618147455;18.955400000000004;4.666423313253951e+31
