75.532663_17.902096;76.006222_24.893752;75.210923_11.252254;dates
-0.8669792413711548;-0.8904157280921936;-0.9459820985794067;2002-01-01
-0.9074068665504456;-0.9041652679443359;-0.9670838713645935;2002-01-02
-0.8998233675956726;-0.9248891472816467;-0.9466809034347534;2002-01-03
-0.8889920711517334;-0.8789613246917725;-0.9235547780990601;2002-01-04
-0.8793344497680664;-0.882885754108429;-0.898750364780426;2002-01-05
-0.870656430721283;-0.8602192997932434;-0.903539776802063;2002-01-06
-0.8725166916847229;-0.848349928855896;-0.9184905290603638;2002-01-07
-0.8670016527175903;-0.8459592461585999;-0.926650881767273;2002-01-08
-0.875725269317627;-0.8683173656463623;-0.938629150390625;2002-01-09
-0.8861328363418579;-0.8837220668792725;-0.9530431032180786;2002-01-10
-0.8855893611907959;-0.9057556390762329;-0.9604284763336182;2002-01-11
-0.8965550065040588;-0.8952361941337585;-0.967268705368042;2002-01-12
-0.9102552533149719;-0.8991316556930542;-0.9697495102882385;2002-01-13
-0.8881320953369141;-0.8872941732406616;-0.964095413684845;2002-01-14
-0.8705251812934875;-0.8569765090942383;-0.9594084620475769;2002-01-15
-0.8550713062286377;-0.8598748445510864;-0.9505624771118164;2002-01-16
-0.8402356505393982;-0.848156213760376;-0.9432564377784729;2002-01-17
-0.829587459564209;-0.8404092788696289;-0.9375014305114746;2002-01-18
-0.8311967849731445;-0.8350223302841187;-0.9344669580459595;2002-01-19
-0.8406938910484314;-0.8369109034538269;-0.9354195594787598;2002-01-20
-0.8522002696990967;-0.8444765210151672;-0.9349710941314697;2002-01-21
-0.8904932737350464;-0.9041129946708679;-0.9327001571655273;2002-01-22
-0.9249091148376465;-0.8639376163482666;-0.9299632906913757;2002-01-23
-0.9304292798042297;-0.9128786325454712;-0.9457883834838867;2002-01-24
-0.9137902855873108;-0.8911401629447937;-0.9575411081314087;2002-01-25
-0.9014496803283691;-0.8790378570556641;-0.968228816986084;2002-01-26
-0.8838215470314026;-0.8627707958221436;-0.9609379768371582;2002-01-27
-0.856979250907898;-0.855866014957428;-0.9466204047203064;2002-01-28
-0.8461825847625732;-0.860599160194397;-0.9379585981369019;2002-01-29
-0.8465072512626648;-0.8428184986114502;-0.9356408715248108;2002-01-30
-0.8373454213142395;-0.8485952019691467;-0.9247782826423645;2002-01-31
-0.837087094783783;-0.8379325866699219;-0.9118859171867371;2002-02-01
-0.8222359418869019;-0.8294546008110046;-0.8982184529304504;2002-02-02
-0.8127525448799133;-0.8125084638595581;-0.8867928385734558;2002-02-03
-0.8358004093170166;-0.791467547416687;-0.8871133923530579;2002-02-04
-0.8259304761886597;-0.8104123473167419;-0.906977117061615;2002-02-05
-0.8181532025337219;-0.8305916786193848;-0.9236242771148682;2002-02-06
-0.8323091864585876;-0.855452835559845;-0.9503875374794006;2002-02-07
-0.8520237803459167;-0.857759952545166;-0.9747381210327148;2002-02-08
-0.8628725409507751;-0.860350489616394;-0.9863666892051697;2002-02-09
-0.8769323229789734;-0.8787139058113098;-0.9918017983436584;2002-02-10
-0.8996627330780029;-0.8881103992462158;-0.9923989176750183;2002-02-11
-0.889694333076477;-0.9005138278007507;-0.98598712682724;2002-02-12
-0.8738820552825928;-0.9285773038864136;-0.9673328399658203;2002-02-13
-0.8761706352233887;-0.9080139994621277;-0.9647970199584961;2002-02-14
-0.8735855221748352;-0.9207490086555481;-0.9638320207595825;2002-02-15
-0.8684225082397461;-0.935539186000824;-0.9721524119377136;2002-02-16
-0.8779659867286682;-0.9316419363021851;-0.9830624461174011;2002-02-17
-0.8842082619667053;-0.9322263598442078;-1.0040043592453003;2002-02-18
-0.8946912884712219;-0.9418925642967224;-1.0292130708694458;2002-02-19
-0.914849579334259;-0.9699906706809998;-1.0512940883636475;2002-02-20
-0.9468806385993958;-0.9990224242210388;-1.0714936256408691;2002-02-21
-0.9623188972473145;-1.0074756145477295;-1.0867443084716797;2002-02-22
-0.9885245561599731;-0.9910708665847778;-1.0938712358474731;2002-02-23
-1.020159125328064;-1.0646154880523682;-1.1016733646392822;2002-02-24
-1.0200496912002563;-1.0401667356491089;-1.1139360666275024;2002-02-25
-0.9978491067886353;-1.008948802947998;-1.095651388168335;2002-02-26
-0.9771092534065247;-1.0087531805038452;-1.0729659795761108;2002-02-27
-0.9462853074073792;-0.9750766158103943;-1.053148627281189;2002-02-28
-0.9358130097389221;-0.9785681366920471;-1.047224521636963;2002-03-01
-0.9392999410629272;-0.9803385138511658;-1.0389316082000732;2002-03-02
-0.938774824142456;-0.9960325956344604;-1.0305567979812622;2002-03-03
-0.9256584644317627;-0.9771794676780701;-1.0259486436843872;2002-03-04
-0.9193611741065979;-0.9631409645080566;-1.0301885604858398;2002-03-05
-0.9313246011734009;-0.9681369066238403;-1.0392553806304932;2002-03-06
-0.9290687441825867;-0.9693542122840881;-1.0411089658737183;2002-03-07
-0.9264658689498901;-0.9732164740562439;-1.0456117391586304;2002-03-08
-0.9310987591743469;-0.9545130729675293;-1.050405740737915;2002-03-09
-0.9285122156143188;-0.9576581120491028;-1.046801209449768;2002-03-10
-0.9368333220481873;-0.9536656737327576;-1.0420949459075928;2002-03-11
-0.9360383749008179;-0.9449933767318726;-1.0384716987609863;2002-03-12
-0.932267963886261;-0.9512211680412292;-1.028524398803711;2002-03-13
-0.9421961307525635;-0.9610886573791504;-1.0229321718215942;2002-03-14
-0.9390581250190735;-0.989767849445343;-1.0083942413330078;2002-03-15
-0.9206987023353577;-0.9591565132141113;-0.9969331622123718;2002-03-16
-0.9100247621536255;-0.9588570594787598;-0.9907711744308472;2002-03-17
-0.8930293917655945;-0.954448938369751;-0.982341468334198;2002-03-18
-0.8946589231491089;-0.9859865307807922;-0.9820141196250916;2002-03-19
-0.9063718318939209;-0.9525244235992432;-0.983028769493103;2002-03-20
-0.9131762981414795;-0.9507284760475159;-0.98033607006073;2002-03-21
-0.9091213941574097;-0.9485517740249634;-0.9659711122512817;2002-03-22
-0.8991772532463074;-0.948056697845459;-0.9533727765083313;2002-03-23
-0.8896543383598328;-0.9286832213401794;-0.9692991971969604;2002-03-24
-0.8832692503929138;-0.924782395362854;-0.9937595725059509;2002-03-25
-0.8941662311553955;-0.9136101603507996;-1.0104104280471802;2002-03-26
-0.9239405393600464;-0.9047664403915405;-1.0292466878890991;2002-03-27
-0.9160978198051453;-0.9015049338340759;-1.0380953550338745;2002-03-28
-0.9304369688034058;-0.9042638540267944;-1.0430175065994263;2002-03-29
-0.8951442837715149;-0.907699465751648;-1.039871335029602;2002-03-30
-0.904660701751709;-0.9148406386375427;-1.034919261932373;2002-03-31
-0.8885534405708313;-0.9353241920471191;-1.0314381122589111;2002-04-01
-0.8740267753601074;-0.9508211612701416;-1.027442455291748;2002-04-02
-0.8656225800514221;-0.9380229711532593;-1.0253652334213257;2002-04-03
-0.8608303070068359;-0.9540809392929077;-1.0179070234298706;2002-04-04
-0.8680179715156555;-0.9454796314239502;-1.0176386833190918;2002-04-05
-0.8753610849380493;-0.9668647646903992;-1.0188500881195068;2002-04-06
-0.8873928785324097;-0.9507721662521362;-1.0230869054794312;2002-04-07
-0.9152107834815979;-0.9408049583435059;-1.0307782888412476;2002-04-08
-0.9284975528717041;-0.9560347199440002;-1.0395015478134155;2002-04-09
-0.9354425072669983;-0.9750789999961853;-1.041402816772461;2002-04-10
-0.9381287097930908;-1.024551272392273;-1.0427701473236084;2002-04-11
-0.9392473697662354;-0.9879167079925537;-1.0446805953979492;2002-04-12
-0.928105890750885;-0.9858558177947998;-1.0414528846740723;2002-04-13
-0.921239972114563;-0.9783067107200623;-1.0342527627944946;2002-04-14
-0.9110288619995117;-0.9587791562080383;-1.0270891189575195;2002-04-15
-0.8833093643188477;-0.960183322429657;-1.0189300775527954;2002-04-16
-0.8588051199913025;-0.9459530115127563;-1.0181008577346802;2002-04-17
-0.8507990837097168;-0.9439525008201599;-1.0167896747589111;2002-04-18
-0.8506768345832825;-0.9504175782203674;-1.0124144554138184;2002-04-19
-0.8509990572929382;-0.9420919418334961;-1.005369782447815;2002-04-20
-0.8464323282241821;-0.9574251770973206;-0.998049795627594;2002-04-21
-0.8632754683494568;-0.9397238492965698;-0.998474657535553;2002-04-22
-0.8792979717254639;-0.9419106841087341;-0.9993708729743958;2002-04-23
-0.8951880931854248;-0.9350666999816895;-1.015862226486206;2002-04-24
-0.912492036819458;-0.9377346634864807;-1.0330909490585327;2002-04-25
-0.9214072823524475;-0.96524977684021;-1.0531951189041138;2002-04-26
-0.9244229793548584;-0.980750560760498;-1.0688029527664185;2002-04-27
-0.9385744333267212;-0.998877763748169;-1.0824190378189087;2002-04-28
-0.9498087763786316;-1.008628010749817;-1.0884398221969604;2002-04-29
-0.9508392214775085;-1.0018635988235474;-1.0874693393707275;2002-04-30
-0.9360186457633972;-1.00070059299469;-1.0862535238265991;2002-05-01
-0.9314680099487305;-1.015917181968689;-1.0787748098373413;2002-05-02
-0.9302150011062622;-0.9995198249816895;-1.0695385932922363;2002-05-03
-0.9196053743362427;-0.9851627349853516;-1.064741849899292;2002-05-04
-0.9242737889289856;-0.971725344657898;-1.0654850006103516;2002-05-05
-0.919477105140686;-0.9691243171691895;-1.0676671266555786;2002-05-06
-0.9295145273208618;-0.955422043800354;-1.069331407546997;2002-05-07
-0.93403160572052;-0.9514654278755188;-1.069067358970642;2002-05-08
-0.922680139541626;-0.9516329765319824;-1.0733450651168823;2002-05-09
-0.9232224225997925;-0.9567551612854004;-1.0715919733047485;2002-05-10
-0.9235931038856506;-0.9624639749526978;-1.0651551485061646;2002-05-11
-0.9207012057304382;-0.9603031277656555;-1.0603177547454834;2002-05-12
-0.925602912902832;-0.961825966835022;-1.0549451112747192;2002-05-13
-0.9441166520118713;-0.9671428203582764;-1.0480178594589233;2002-05-14
-0.929183304309845;-0.9583122134208679;-1.0356346368789673;2002-05-15
-0.911729633808136;-0.956815242767334;-1.0268404483795166;2002-05-16
-0.899659276008606;-0.9479795098304749;-1.0211230516433716;2002-05-17
-0.886389970779419;-0.9447838068008423;-1.019583821296692;2002-05-18
-0.877928614616394;-0.9466909766197205;-1.0216577053070068;2002-05-19
-0.8722878694534302;-0.9389773607254028;-1.026354193687439;2002-05-20
-0.876265823841095;-0.9282376170158386;-1.032785415649414;2002-05-21
-0.8881240487098694;-0.9248368740081787;-1.0405415296554565;2002-05-22
-0.8925228714942932;-0.9161718487739563;-1.048354983329773;2002-05-23
-0.8942117691040039;-0.9064168334007263;-1.0537856817245483;2002-05-24
-0.8913160562515259;-0.8990361094474792;-1.0553611516952515;2002-05-25
-0.8843126893043518;-0.8975215554237366;-1.0532368421554565;2002-05-26
-0.8806958794593811;-0.9026646018028259;-1.0448992252349854;2002-05-27
-0.8766127824783325;-0.909529447555542;-1.0301930904388428;2002-05-28
-0.8667435050010681;-0.9129900336265564;-1.0139646530151367;2002-05-29
-0.8568638563156128;-0.9092825651168823;-0.99994295835495;2002-05-30
-0.8524182438850403;-0.9076672196388245;-0.9885748028755188;2002-05-31
-0.8508372902870178;-0.901811420917511;-0.9830056428909302;2002-06-01
-0.8550821542739868;-0.9007644057273865;-0.9842404127120972;2002-06-02
-0.8640546798706055;-0.8931211233139038;-0.9894856810569763;2002-06-03
-0.8756291270256042;-0.8916671276092529;-0.9977084994316101;2002-06-04
-0.8801966309547424;-0.8996140360832214;-1.0074325799942017;2002-06-05
-0.8871962428092957;-0.9051756858825684;-1.0208097696304321;2002-06-06
-0.8901948928833008;-0.9089725613594055;-1.0300142765045166;2002-06-07
-0.8885842561721802;-0.9187079668045044;-1.0318162441253662;2002-06-08
-0.8797151446342468;-0.9157500267028809;-1.0305877923965454;2002-06-09
-0.868402898311615;-0.9142274260520935;-1.0264670848846436;2002-06-10
-0.8598572611808777;-0.9143952131271362;-1.0165107250213623;2002-06-11
-0.8527206182479858;-0.9035622477531433;-0.9990084171295166;2002-06-12
-0.8468521237373352;-0.9067361950874329;-0.9799020290374756;2002-06-13
-0.843422532081604;-0.9096888899803162;-0.9635036587715149;2002-06-14
-0.8490025997161865;-0.909912645816803;-0.9549203515052795;2002-06-15
-0.8591886758804321;-0.9198464155197144;-0.9526985883712769;2002-06-16
-0.8731420636177063;-0.9393308758735657;-0.9551857113838196;2002-06-17
-0.8783866763114929;-0.9387075901031494;-0.9560226202011108;2002-06-18
-0.8864452838897705;-0.9341318011283875;-0.9595575928688049;2002-06-19
-0.8932722806930542;-0.9280981421470642;-0.9722610712051392;2002-06-20
-0.8970831036567688;-0.9171390533447266;-0.9888383746147156;2002-06-21
-0.8986556529998779;-0.9157187938690186;-1.0047043561935425;2002-06-22
-0.8991395235061646;-0.9143290519714355;-1.0096495151519775;2002-06-23
-0.8990556001663208;-0.9206581711769104;-1.006534457206726;2002-06-24
-0.8968145847320557;-0.9229366779327393;-0.9986903667449951;2002-06-25
-0.8950375318527222;-0.9269285798072815;-0.9942584037780762;2002-06-26
-0.893189013004303;-0.9334530234336853;-0.9943798780441284;2002-06-27
-0.8890447020530701;-0.9373398423194885;-0.9951353669166565;2002-06-28
-0.8784825801849365;-0.9387352466583252;-0.9852491617202759;2002-06-29
-0.8722244501113892;-0.9359924793243408;-0.971524178981781;2002-06-30
-0.8728430867195129;-0.9292305707931519;-0.9646261930465698;2002-07-01
-0.8819555044174194;-0.9292238354682922;-0.9685536026954651;2002-07-02
-0.8917288184165955;-0.9303622245788574;-0.9769178628921509;2002-07-03
-0.902927577495575;-0.930942952632904;-0.9866257309913635;2002-07-04
-0.9118863940238953;-0.9328264594078064;-0.9941803812980652;2002-07-05
-0.9148767590522766;-0.9319727420806885;-0.9953418970108032;2002-07-06
-0.9130484461784363;-0.9270586967468262;-0.9916977286338806;2002-07-07
-0.9057713747024536;-0.9186117053031921;-0.9853277802467346;2002-07-08
-0.8935014605522156;-0.9101458191871643;-0.9755107164382935;2002-07-09
-0.8801219463348389;-0.903732419013977;-0.9627660512924194;2002-07-10
-0.8626728057861328;-0.9034382104873657;-0.9471914172172546;2002-07-11
-0.8500247001647949;-0.8944092988967896;-0.9321717619895935;2002-07-12
-0.8370200991630554;-0.888573169708252;-0.9202432036399841;2002-07-13
-0.8312307596206665;-0.882853090763092;-0.9166772365570068;2002-07-14
-0.8284875750541687;-0.8828446865081787;-0.9165091514587402;2002-07-15
-0.8245779275894165;-0.8783527612686157;-0.9158652424812317;2002-07-16
-0.8246785402297974;-0.8768022656440735;-0.9178421497344971;2002-07-17
-0.8319901823997498;-0.8708275556564331;-0.9243680238723755;2002-07-18
-0.8403529524803162;-0.8680868148803711;-0.9347790479660034;2002-07-19
-0.8519358038902283;-0.8703020215034485;-0.9467785954475403;2002-07-20
-0.8628078103065491;-0.8709759712219238;-0.9584766626358032;2002-07-21
-0.8760798573493958;-0.8741059303283691;-0.9709991812705994;2002-07-22
-0.8833041191101074;-0.8814387917518616;-0.9831964373588562;2002-07-23
-0.8874645233154297;-0.8885956406593323;-0.9896351099014282;2002-07-24
-0.8846064209938049;-0.8937608003616333;-0.9854968190193176;2002-07-25
-0.8794374465942383;-0.8973923325538635;-0.970113217830658;2002-07-26
-0.8713730573654175;-0.8982272148132324;-0.9483795166015625;2002-07-27
-0.8704982399940491;-0.9025401473045349;-0.9351920485496521;2002-07-28
-0.8676150441169739;-0.8964700698852539;-0.9263038635253906;2002-07-29
-0.8765365481376648;-0.9041777849197388;-0.9280408620834351;2002-07-30
-0.8760449290275574;-0.8947442770004272;-0.9332081079483032;2002-07-31
-0.877173662185669;-0.904496431350708;-0.942584216594696;2002-08-01
-0.8842966556549072;-0.9015814661979675;-0.9548444747924805;2002-08-02
-0.8852176666259766;-0.904985785484314;-0.965416669845581;2002-08-03
-0.8855522871017456;-0.9003294110298157;-0.9702370166778564;2002-08-04
-0.8854985237121582;-0.8968645334243774;-0.9717004299163818;2002-08-05
-0.8820526599884033;-0.8892108798027039;-0.9684835076332092;2002-08-06
-0.8813258409500122;-0.8907413482666016;-0.9648095369338989;2002-08-07
-0.8776012659072876;-0.8882145881652832;-0.9587268233299255;2002-08-08
-0.8739569187164307;-0.8907104730606079;-0.9504506587982178;2002-08-09
-0.8684648275375366;-0.8875318765640259;-0.9427143335342407;2002-08-10
-0.863804817199707;-0.8939259052276611;-0.9356254935264587;2002-08-11
-0.8613347411155701;-0.8893213272094727;-0.9296292066574097;2002-08-12
-0.8536432981491089;-0.8898124098777771;-0.9249252080917358;2002-08-13
-0.848380446434021;-0.8869670033454895;-0.9207370281219482;2002-08-14
-0.8469006419181824;-0.8849371075630188;-0.9203938841819763;2002-08-15
-0.8408562541007996;-0.8764364719390869;-0.9200038909912109;2002-08-16
-0.8356884717941284;-0.8604521751403809;-0.9205719828605652;2002-08-17
-0.8351234197616577;-0.8525279760360718;-0.9251136779785156;2002-08-18
-0.8419506549835205;-0.8472374677658081;-0.9368433952331543;2002-08-19
-0.8493399620056152;-0.8484850525856018;-0.9482210874557495;2002-08-20
-0.8556330800056458;-0.8540512919425964;-0.9550310969352722;2002-08-21
-0.8647584319114685;-0.862147331237793;-0.9586596488952637;2002-08-22
-0.8651492595672607;-0.8709145188331604;-0.9536604881286621;2002-08-23
-0.8596755266189575;-0.8714609742164612;-0.9413887858390808;2002-08-24
-0.8438612222671509;-0.8683501482009888;-0.9203560948371887;2002-08-25
-0.8302915692329407;-0.8684672117233276;-0.9037758708000183;2002-08-26
-0.8208572864532471;-0.8668960928916931;-0.8921211361885071;2002-08-27
-0.8205845952033997;-0.8632889986038208;-0.8933833837509155;2002-08-28
-0.8241925835609436;-0.8757490515708923;-0.9010724425315857;2002-08-29
-0.8328938484191895;-0.8696181774139404;-0.9113420844078064;2002-08-30
-0.830715000629425;-0.866048276424408;-0.921199381351471;2002-08-31
-0.8349206447601318;-0.8609327077865601;-0.9333943724632263;2002-09-01
-0.84490567445755;-0.8568319082260132;-0.9436326026916504;2002-09-02
-0.8547708988189697;-0.8600435853004456;-0.949997067451477;2002-09-03
-0.8614674806594849;-0.854773759841919;-0.9542845487594604;2002-09-04
-0.8661589622497559;-0.8579110503196716;-0.951530396938324;2002-09-05
-0.8662402629852295;-0.8662087917327881;-0.9449889063835144;2002-09-06
-0.8622674942016602;-0.8613247275352478;-0.9368141293525696;2002-09-07
-0.8544250130653381;-0.8596296310424805;-0.9271851181983948;2002-09-08
-0.8486331105232239;-0.8619866371154785;-0.914390504360199;2002-09-09
-0.8420960307121277;-0.862679660320282;-0.904826283454895;2002-09-10
-0.8309779763221741;-0.8701040744781494;-0.893510103225708;2002-09-11
-0.8218420743942261;-0.8558468222618103;-0.883792519569397;2002-09-12
-0.8149538636207581;-0.8475723266601562;-0.8764188289642334;2002-09-13
-0.8106600046157837;-0.8350635766983032;-0.8774893879890442;2002-09-14
-0.8291283249855042;-0.8422865271568298;-0.8857394456863403;2002-09-15
-0.8408191204071045;-0.8450292348861694;-0.8964695334434509;2002-09-16
-0.8515238165855408;-0.8478929996490479;-0.9148147702217102;2002-09-17
-0.8684462904930115;-0.8470742702484131;-0.9384183287620544;2002-09-18
-0.8750638365745544;-0.8548712730407715;-0.9553326964378357;2002-09-19
-0.8746569156646729;-0.8560357689857483;-0.9638863205909729;2002-09-20
-0.8650203347206116;-0.8601233959197998;-0.954452395439148;2002-09-21
-0.8529996275901794;-0.8537894487380981;-0.9377059936523438;2002-09-22
-0.8392618894577026;-0.859725832939148;-0.9124203324317932;2002-09-23
-0.8134483098983765;-0.8473055958747864;-0.8830905556678772;2002-09-24
-0.8105679750442505;-0.8328574299812317;-0.8744256496429443;2002-09-25
-0.8153629302978516;-0.827767014503479;-0.8616819381713867;2002-09-26
-0.8081781268119812;-0.8250365853309631;-0.8607494831085205;2002-09-27
-0.8015652894973755;-0.8239734172821045;-0.866163432598114;2002-09-28
-0.803441047668457;-0.8302959203720093;-0.8788039684295654;2002-09-29
-0.814075767993927;-0.8298446536064148;-0.8878995180130005;2002-09-30
-0.8236296772956848;-0.8466070294380188;-0.8915185332298279;2002-10-01
-0.8311052918434143;-0.8425503373146057;-0.8932620286941528;2002-10-02
-0.8335641026496887;-0.8334800004959106;-0.9023475646972656;2002-10-03
-0.8284039497375488;-0.8254473805427551;-0.9083327054977417;2002-10-04
-0.8212016224861145;-0.8202025890350342;-0.9140068888664246;2002-10-05
-0.8199214339256287;-0.8240519165992737;-0.9182970523834229;2002-10-06
-0.8206484913825989;-0.8324090242385864;-0.9169251918792725;2002-10-07
-0.8168079853057861;-0.8389575481414795;-0.9107348918914795;2002-10-08
-0.8054084777832031;-0.834389865398407;-0.8982301950454712;2002-10-09
-0.7981056571006775;-0.8291271924972534;-0.8837226629257202;2002-10-10
-0.7875855565071106;-0.822952151298523;-0.8697986602783203;2002-10-11
-0.7830489873886108;-0.8199697732925415;-0.8622668981552124;2002-10-12
-0.7823014855384827;-0.8267344832420349;-0.8621086478233337;2002-10-13
-0.7894390225410461;-0.8194319009780884;-0.8687835931777954;2002-10-14
-0.8057447671890259;-0.82310950756073;-0.877810001373291;2002-10-15
-0.8204595446586609;-0.8298184275627136;-0.8873111605644226;2002-10-16
-0.8444986939430237;-0.840636134147644;-0.9012084603309631;2002-10-17
-0.8778873682022095;-0.8786249756813049;-0.9159060716629028;2002-10-18
-0.9162471890449524;-0.9107033610343933;-0.9269441962242126;2002-10-19
-0.9481636881828308;-0.9420963525772095;-0.9286289215087891;2002-10-20
-0.9213982820510864;-0.8920448422431946;-0.9217358231544495;2002-10-21
-0.8880794048309326;-0.8782731294631958;-0.9146027565002441;2002-10-22
-0.865248441696167;-0.8829241394996643;-0.9083975553512573;2002-10-23
-0.8553626537322998;-0.8843443393707275;-0.9077312350273132;2002-10-24
-0.8502975702285767;-0.8893951177597046;-0.9096835851669312;2002-10-25
-0.8742973804473877;-0.9182122349739075;-0.9160886406898499;2002-10-26
-0.8691463470458984;-0.9163873195648193;-0.9147156476974487;2002-10-27
-0.8889594674110413;-0.9297090172767639;-0.9140076041221619;2002-10-28
-0.8814730644226074;-0.9242508411407471;-0.9147107601165771;2002-10-29
-0.8787738680839539;-0.9048375487327576;-0.9153417944908142;2002-10-30
-0.8744747638702393;-0.8808151483535767;-0.9197403788566589;2002-10-31
-0.8639795184135437;-0.8738276362419128;-0.922280490398407;2002-11-01
-0.8553216457366943;-0.8651350140571594;-0.9152716994285583;2002-11-02
-0.8429470062255859;-0.8447706699371338;-0.9071853756904602;2002-11-03
-0.8304663300514221;-0.8362676501274109;-0.9001986980438232;2002-11-04
-0.8307999968528748;-0.8387669920921326;-0.9032204747200012;2002-11-05
-0.8223531246185303;-0.8420619964599609;-0.9026629328727722;2002-11-06
-0.8145993947982788;-0.8429090976715088;-0.8995919823646545;2002-11-07
-0.8072800040245056;-0.8439886569976807;-0.8932867050170898;2002-11-08
-0.8048678040504456;-0.8494914770126343;-0.8889035582542419;2002-11-09
-0.801780641078949;-0.8549550771713257;-0.8863215446472168;2002-11-10
-0.7962894439697266;-0.8443232774734497;-0.8834030628204346;2002-11-11
-0.7951282262802124;-0.8344394564628601;-0.8860970139503479;2002-11-12
-0.8017130494117737;-0.833626925945282;-0.8939968943595886;2002-11-13
-0.8166408538818359;-0.8382377028465271;-0.9128644466400146;2002-11-14
-0.8373020887374878;-0.8524447679519653;-0.9323551058769226;2002-11-15
-0.8522454500198364;-0.8639196157455444;-0.9468288421630859;2002-11-16
-0.8572847843170166;-0.8614031076431274;-0.9481180906295776;2002-11-17
-0.8580119609832764;-0.8622015118598938;-0.9426259398460388;2002-11-18
-0.8564861416816711;-0.874727189540863;-0.9295018911361694;2002-11-19
-0.8431130051612854;-0.8568537831306458;-0.9160566926002502;2002-11-20
-0.8269003033638;-0.8569321632385254;-0.9041807651519775;2002-11-21
-0.8186858892440796;-0.845241904258728;-0.895583987236023;2002-11-22
-0.8156716823577881;-0.8420072793960571;-0.8896780610084534;2002-11-23
-0.8150749802589417;-0.8386311531066895;-0.8891587853431702;2002-11-24
-0.8141790628433228;-0.8295981287956238;-0.887821614742279;2002-11-25
-0.8126218914985657;-0.8170304298400879;-0.8874873518943787;2002-11-26
-0.7954535484313965;-0.8052586317062378;-0.8869397044181824;2002-11-27
-0.787449300289154;-0.8028094172477722;-0.8914501070976257;2002-11-28
-0.8007150888442993;-0.8068485260009766;-0.9041567444801331;2002-11-29
-0.8182529211044312;-0.8237408995628357;-0.91867595911026;2002-11-30
-0.8366329073905945;-0.8322691321372986;-0.9323465824127197;2002-12-01
-0.8546556830406189;-0.8509318828582764;-0.9449315667152405;2002-12-02
-0.8663581013679504;-0.8330686688423157;-0.9587607979774475;2002-12-03
-0.8661481142044067;-0.8410905599594116;-0.9590138792991638;2002-12-04
-0.8546965718269348;-0.8258540630340576;-0.9455606341362;2002-12-05
-0.8388381600379944;-0.8159670829772949;-0.9288114905357361;2002-12-06
-0.8232235908508301;-0.8029288649559021;-0.9108493328094482;2002-12-07
-0.8152890205383301;-0.8093379139900208;-0.8870826363563538;2002-12-08
-0.8044062852859497;-0.8120619654655457;-0.8628836870193481;2002-12-09
-0.8098019957542419;-0.801753580570221;-0.8540485501289368;2002-12-10
-0.8136656284332275;-0.7928551435470581;-0.8509114384651184;2002-12-11
-0.8149115443229675;-0.7936186194419861;-0.8515700697898865;2002-12-12
-0.8261949419975281;-0.8052359223365784;-0.8544521927833557;2002-12-13
-0.8513055443763733;-0.8082087635993958;-0.8648845553398132;2002-12-14
-0.857769787311554;-0.8263153433799744;-0.869296133518219;2002-12-15
-0.8900752067565918;-0.8197318315505981;-0.8760985136032104;2002-12-16
-0.8782230615615845;-0.8343626260757446;-0.8801071047782898;2002-12-17
-0.8813188076019287;-0.8439874649047852;-0.8902643918991089;2002-12-18
-0.8831347227096558;-0.858770489692688;-0.8954604864120483;2002-12-19
-0.8670960664749146;-0.8591902256011963;-0.8903812170028687;2002-12-20
-0.8555678725242615;-0.833036482334137;-0.891723096370697;2002-12-21
-0.8419092893600464;-0.8235136270523071;-0.8934522271156311;2002-12-22
-0.8352065682411194;-0.8134183287620544;-0.8904132843017578;2002-12-23
-0.8205291032791138;-0.8084750175476074;-0.8859902024269104;2002-12-24
-0.8139768242835999;-0.8013901710510254;-0.8829167485237122;2002-12-25
-0.8123072385787964;-0.7847879528999329;-0.8893981575965881;2002-12-26
-0.8142037391662598;-0.7944517135620117;-0.8979890942573547;2002-12-27
-0.8209320306777954;-0.7978158593177795;-0.9115854501724243;2002-12-28
-0.8339636325836182;-0.7973172068595886;-0.9234318137168884;2002-12-29
-0.8411978483200073;-0.806412935256958;-0.9332765340805054;2002-12-30
-0.8485934734344482;-0.8021559715270996;-0.936305820941925;2002-12-31
-0.8669789433479309;-0.8904150724411011;-0.9459820985794067;2003-01-01
-0.9074084162712097;-0.9041661024093628;-0.9670838713645935;2003-01-02
-0.899820864200592;-0.9248882532119751;-0.9466809034347534;2003-01-03
-0.8889927864074707;-0.8789625763893127;-0.9235545992851257;2003-01-04
-0.8793352246284485;-0.8828883767127991;-0.8987506628036499;2003-01-05
-0.8706554174423218;-0.86021888256073;-0.9035391807556152;2003-01-06
-0.872516930103302;-0.8483556509017944;-0.9184901714324951;2003-01-07
-0.8670036196708679;-0.8459684252738953;-0.9266514778137207;2003-01-08
-0.8757257461547852;-0.8683170080184937;-0.9386289715766907;2003-01-09
-0.8861311078071594;-0.8837180733680725;-0.9530420303344727;2003-01-10
-0.885588526725769;-0.9057563543319702;-0.9604274034500122;2003-01-11
-0.8965555429458618;-0.8952375650405884;-0.9672687649726868;2003-01-12
-0.910256564617157;-0.899135172367096;-0.9697505831718445;2003-01-13
-0.8881330490112305;-0.8873083591461182;-0.9640968441963196;2003-01-14
-0.8705281019210815;-0.85699462890625;-0.9594091176986694;2003-01-15
-0.8550736904144287;-0.8598844408988953;-0.9505624175071716;2003-01-16
-0.8402339816093445;-0.8481491208076477;-0.9432543516159058;2003-01-17
-0.8295837044715881;-0.8403894305229187;-0.9374986290931702;2003-01-18
-0.8311890959739685;-0.8349951505661011;-0.9344640374183655;2003-01-19
-0.8406863212585449;-0.8368945121765137;-0.935418426990509;2003-01-20
-0.8521977066993713;-0.8444638848304749;-0.9349727034568787;2003-01-21
-0.8904899954795837;-0.9040973782539368;-0.9326993227005005;2003-01-22
-0.9249096512794495;-0.8639287352561951;-0.9299620985984802;2003-01-23
-0.9304244518280029;-0.9128692150115967;-0.9457888007164001;2003-01-24
-0.9138014316558838;-0.8911316394805908;-0.9575420618057251;2003-01-25
-0.9014464020729065;-0.8790251612663269;-0.9682286977767944;2003-01-26
-0.883816659450531;-0.8627616763114929;-0.9609413146972656;2003-01-27
-0.8569779396057129;-0.8558754920959473;-0.9466262459754944;2003-01-28
-0.8461813926696777;-0.8605910539627075;-0.9379691481590271;2003-01-29
-0.8465092182159424;-0.8428140878677368;-0.9356620907783508;2003-01-30
-0.8373478651046753;-0.8485920429229736;-0.9248030781745911;2003-01-31
-0.8370915055274963;-0.8379241228103638;-0.9119176864624023;2003-02-01
-0.822236955165863;-0.8294481635093689;-0.8982571959495544;2003-02-02
-0.8127573728561401;-0.8125079274177551;-0.8868368864059448;2003-02-03
-0.8357917666435242;-0.7914618253707886;-0.8871418237686157;2003-02-04
-0.8259215950965881;-0.810404896736145;-0.906985342502594;2003-02-05
-0.8181635737419128;-0.830586314201355;-0.9236232042312622;2003-02-06
-0.8323238492012024;-0.8554555177688599;-0.9503868818283081;2003-02-07
-0.8520190715789795;-0.8577556014060974;-0.9747501015663147;2003-02-08
-0.8628437519073486;-0.8603425025939941;-0.9863866567611694;2003-02-09
-0.8768897652626038;-0.8787005543708801;-0.9918497800827026;2003-02-10
-0.8995998501777649;-0.888094425201416;-0.9924678802490234;2003-02-11
-0.8896429538726807;-0.9005081653594971;-0.9860312342643738;2003-02-12
-0.873849630355835;-0.9285692572593689;-0.9673389792442322;2003-02-13
-0.8761876225471497;-0.9080248475074768;-0.9648012518882751;2003-02-14
-0.8736538290977478;-0.9207665920257568;-0.9638175964355469;2003-02-15
-0.8685280084609985;-0.9355884790420532;-0.9720568060874939;2003-02-16
-0.8780537843704224;-0.9316856861114502;-0.982847273349762;2003-02-17
-0.8842862248420715;-0.932269811630249;-1.0037137269973755;2003-02-18
-0.8946335315704346;-0.9418920278549194;-1.0287672281265259;2003-02-19
-0.9147999882698059;-0.9699887037277222;-1.0508869886398315;2003-02-20
-0.9469183087348938;-0.9990531206130981;-1.0712023973464966;2003-02-21
-0.9624089002609253;-1.0074995756149292;-1.0865321159362793;2003-02-22
-0.9886080026626587;-0.9910619258880615;-1.093450903892517;2003-02-23
-1.0200244188308716;-1.0645692348480225;-1.1006451845169067;2003-02-24
-1.0196573734283447;-1.0400760173797607;-1.112520456314087;2003-02-25
-0.9971615076065063;-1.0088059902191162;-1.0938575267791748;2003-02-26
-0.9762033820152283;-1.0085521936416626;-1.0708853006362915;2003-02-27
-0.9453681111335754;-0.9749136567115784;-1.0503990650177002;2003-02-28
-0.9352269768714905;-0.9784705638885498;-1.0436468124389648;2003-03-01
-0.939050018787384;-0.9803374409675598;-1.0358575582504272;2003-03-02
-0.9389694929122925;-0.9961079955101013;-1.026589274406433;2003-03-03
-0.9261317253112793;-0.9772912263870239;-1.0201222896575928;2003-03-04
-0.9197006821632385;-0.9631897211074829;-1.0249264240264893;2003-03-05
-0.9310863614082336;-0.968054473400116;-1.0361114740371704;2003-03-06
-0.9281497597694397;-0.969147264957428;-1.0397164821624756;2003-03-07
-0.9251750707626343;-0.9729663729667664;-1.0458519458770752;2003-03-08
-0.930031418800354;-0.9542940258979797;-1.0524958372116089;2003-03-09
-0.9284816980361938;-0.9576089978218079;-1.0510780811309814;2003-03-10
-0.9382272958755493;-0.953917920589447;-1.047805666923523;2003-03-11
-0.9381082057952881;-0.945464551448822;-1.0445513725280762;2003-03-12
-0.9339402914047241;-0.9517211318016052;-1.035475254058838;2003-03-13
-0.9421539306640625;-0.9613516926765442;-1.0308012962341309;2003-03-14
-0.9366798996925354;-0.9896728992462158;-1.016823172569275;2003-03-15
-0.9174500107765198;-0.9588513374328613;-1.0057792663574219;2003-03-16
-0.9071505069732666;-0.9584360718727112;-0.9978026151657104;2003-03-17
-0.8916283249855042;-0.9541558027267456;-0.9854431748390198;2003-03-18
-0.895576000213623;-0.9860497117042542;-0.9803637862205505;2003-03-19
-0.9097715616226196;-0.9531124234199524;-0.9797254204750061;2003-03-20
-0.9187409281730652;-0.9517652988433838;-0.9801608920097351;2003-03-21
-0.9156953692436218;-0.9498252868652344;-0.9772145748138428;2003-03-22
-0.905282735824585;-0.9494685530662537;-0.9679151773452759;2003-03-23
-0.8942744731903076;-0.9297664165496826;-0.9702686667442322;2003-03-24
-0.8857721090316772;-0.9255287051200867;-0.991862416267395;2003-03-25
-0.8941928744316101;-0.9138795733451843;-1.0140321254730225;2003-03-26
-0.9230242967605591;-0.9046914577484131;-1.0288890600204468;2003-03-27
-0.9145777821540833;-0.9011852741241455;-1.0333826541900635;2003-03-28
-0.9285979866981506;-0.9039930105209351;-1.0384454727172852;2003-03-29
-0.893843412399292;-0.9075241684913635;-1.037457823753357;2003-03-30
-0.9036223292350769;-0.914720892906189;-1.0349689722061157;2003-03-31
-0.8893037438392639;-0.9355586171150208;-1.0324164628982544;2003-04-01
-0.8771088123321533;-0.9513930082321167;-1.0269521474838257;2003-04-02
-0.8754044771194458;-0.9396092891693115;-1.0246104001998901;2003-04-03
-0.8735867142677307;-0.9558161497116089;-1.0180846452713013;2003-04-04
-0.8822647333145142;-0.9466255903244019;-1.017262578010559;2003-04-05
-0.8888142704963684;-0.9679114818572998;-1.0169987678527832;2003-04-06
-0.8952049016952515;-0.9512506723403931;-1.0181180238723755;2003-04-07
-0.9200214147567749;-0.9412125945091248;-1.0200285911560059;2003-04-08
-0.9341721534729004;-0.9564663767814636;-1.0233094692230225;2003-04-09
-0.9413371682167053;-0.9752559661865234;-1.0254936218261719;2003-04-10
-0.9442957639694214;-1.0242644548416138;-1.0355348587036133;2003-04-11
-0.9447784423828125;-0.9874587059020996;-1.0354911088943481;2003-04-12
-0.931098997592926;-0.9851819276809692;-1.0272048711776733;2003-04-13
-0.9222341179847717;-0.9776621460914612;-1.0233885049819946;2003-04-14
-0.9120628237724304;-0.9583598375320435;-1.0249665975570679;2003-04-15
-0.885802149772644;-0.9599246382713318;-1.0222126245498657;2003-04-16
-0.8630087375640869;-0.9458020925521851;-1.0212087631225586;2003-04-17
-0.8562374711036682;-0.9437983632087708;-1.0203123092651367;2003-04-18
-0.8544580340385437;-0.9499034881591797;-1.0176795721054077;2003-04-19
-0.8553718328475952;-0.9417164325714111;-1.018918752670288;2003-04-20
-0.8531757593154907;-0.9577609300613403;-1.0217446088790894;2003-04-21
-0.8687551021575928;-0.9398840069770813;-1.027770757675171;2003-04-22
-0.8830663561820984;-0.9417644143104553;-1.0319623947143555;2003-04-23
-0.9001251459121704;-0.936104953289032;-1.0505281686782837;2003-04-24
-0.9187095165252686;-0.9391607046127319;-1.0649384260177612;2003-04-25
-0.9284535646438599;-0.9661642909049988;-1.0771746635437012;2003-04-26
-0.9325225353240967;-0.9810017943382263;-1.0849465131759644;2003-04-27
-0.9457931518554688;-0.9982869029045105;-1.0942280292510986;2003-04-28
-0.9552450776100159;-1.0078885555267334;-1.0966885089874268;2003-04-29
-0.9518470764160156;-1.0007432699203491;-1.091861605644226;2003-04-30
-0.9362387657165527;-0.9994184970855713;-1.0883716344833374;2003-05-01
-0.9343776702880859;-1.0152957439422607;-1.0804661512374878;2003-05-02
-0.9341002106666565;-0.999312162399292;-1.0719486474990845;2003-05-03
-0.9224043488502502;-0.9851490259170532;-1.0685782432556152;2003-05-04
-0.9261206984519958;-0.9718502163887024;-1.0693185329437256;2003-05-05
-0.9219659566879272;-0.9694868922233582;-1.0724573135375977;2003-05-06
-0.9307302236557007;-0.9553520083427429;-1.0754525661468506;2003-05-07
-0.9331689476966858;-0.9512614011764526;-1.0757427215576172;2003-05-08
-0.9216931462287903;-0.9516531825065613;-1.0805840492248535;2003-05-09
-0.9229106903076172;-0.9568262100219727;-1.080337405204773;2003-05-10
-0.9249272346496582;-0.9626597762107849;-1.0750489234924316;2003-05-11
-0.9235329627990723;-0.9606935381889343;-1.067116618156433;2003-05-12
-0.9287901520729065;-0.9622145295143127;-1.0562424659729004;2003-05-13
-0.9466381072998047;-0.9674288630485535;-1.047415852546692;2003-05-14
-0.9305802583694458;-0.9584261775016785;-1.0357718467712402;2003-05-15
-0.9113278388977051;-0.9567124247550964;-1.0268473625183105;2003-05-16
-0.8984854221343994;-0.9479079842567444;-1.0199804306030273;2003-05-17
-0.8873100280761719;-0.9449425935745239;-1.0173869132995605;2003-05-18
-0.8822263479232788;-0.9467326998710632;-1.018958568572998;2003-05-19
-0.8785873055458069;-0.938504695892334;-1.0243074893951416;2003-05-20
-0.8832877278327942;-0.9277447462081909;-1.032013177871704;2003-05-21
-0.894631564617157;-0.9247492551803589;-1.0408375263214111;2003-05-22
-0.8976526260375977;-0.9167975783348083;-1.0504839420318604;2003-05-23
-0.8983213901519775;-0.9073097705841064;-1.058828592300415;2003-05-24
-0.894936203956604;-0.9000034928321838;-1.0622590780258179;2003-05-25
-0.8873605132102966;-0.8981737494468689;-1.06061589717865;2003-05-26
-0.8836243748664856;-0.9028716087341309;-1.0540300607681274;2003-05-27
-0.8784761428833008;-0.9095505475997925;-1.0413869619369507;2003-05-28
-0.868626058101654;-0.9128748178482056;-1.0261255502700806;2003-05-29
-0.8608428239822388;-0.9096336364746094;-1.0134975910186768;2003-05-30
-0.8564600348472595;-0.9082975387573242;-1.0012820959091187;2003-05-31
-0.8528421521186829;-0.9021019339561462;-0.9946591854095459;2003-06-01
-0.8560286164283752;-0.9005367159843445;-0.9972408413887024;2003-06-02
-0.8645976185798645;-0.8923641443252563;-1.0050694942474365;2003-06-03
-0.8771078586578369;-0.8908113241195679;-1.015297293663025;2003-06-04
-0.8820358514785767;-0.8987153172492981;-1.025427222251892;2003-06-05
-0.8876854777336121;-0.9041447639465332;-1.0363023281097412;2003-06-06
-0.8902128338813782;-0.908403754234314;-1.0415270328521729;2003-06-07
-0.8890475034713745;-0.9184209108352661;-1.0384372472763062;2003-06-08
-0.8800040483474731;-0.9155491590499878;-1.0323537588119507;2003-06-09
-0.8682053685188293;-0.9137601256370544;-1.0256191492080688;2003-06-10
-0.8611170053482056;-0.913948655128479;-1.0169692039489746;2003-06-11
-0.8578294515609741;-0.9039046168327332;-1.0071685314178467;2003-06-12
-0.8545432090759277;-0.9076063632965088;-0.9971736669540405;2003-06-13
-0.8505070209503174;-0.9108068346977234;-0.9843695163726807;2003-06-14
-0.8536562323570251;-0.9109099507331848;-0.9720161557197571;2003-06-15
-0.8609310388565063;-0.9204372763633728;-0.9635981917381287;2003-06-16
-0.8735625743865967;-0.9397389888763428;-0.9631627798080444;2003-06-17
-0.8788669109344482;-0.9392992854118347;-0.962207555770874;2003-06-18
-0.886075496673584;-0.9346861839294434;-0.9634168744087219;2003-06-19
-0.8918241262435913;-0.9287878274917603;-0.9748624563217163;2003-06-20
-0.8953770399093628;-0.9180232882499695;-0.9918038249015808;2003-06-21
-0.8977622389793396;-0.9168351888656616;-1.009304404258728;2003-06-22
-0.8994823098182678;-0.9156160950660706;-1.016162633895874;2003-06-23
-0.9002641439437866;-0.922233521938324;-1.0133624076843262;2003-06-24
-0.8974686861038208;-0.9244644045829773;-1.005735993385315;2003-06-25
-0.8926146626472473;-0.9278911352157593;-1.0031741857528687;2003-06-26
-0.8876345753669739;-0.9337637424468994;-1.0021241903305054;2003-06-27
-0.8825919032096863;-0.9373167753219604;-0.9974077939987183;2003-06-28
-0.8741363286972046;-0.9388589262962341;-0.9853909611701965;2003-06-29
-0.8711585402488708;-0.9364915490150452;-0.9734065532684326;2003-06-30
-0.8734407424926758;-0.9298210740089417;-0.9662094712257385;2003-07-01
-0.8825995922088623;-0.9296330809593201;-0.9665420055389404;2003-07-02
-0.8910238146781921;-0.9304793477058411;-0.9729745984077454;2003-07-03
-0.8999812006950378;-0.9305839538574219;-0.9815250039100647;2003-07-04
-0.90616774559021;-0.9318709373474121;-0.9859377145767212;2003-07-05
-0.9074324369430542;-0.9306294918060303;-0.9830044507980347;2003-07-06
-0.9053888916969299;-0.9255828261375427;-0.9765323400497437;2003-07-07
-0.8991063237190247;-0.9172559976577759;-0.9702702164649963;2003-07-08
-0.8888198137283325;-0.9091895818710327;-0.9639251232147217;2003-07-09
-0.8778845071792603;-0.9032556414604187;-0.9586334824562073;2003-07-10
-0.8629156351089478;-0.9034169316291809;-0.9544036388397217;2003-07-11
-0.851856529712677;-0.8947340846061707;-0.950343132019043;2003-07-12
-0.8395109176635742;-0.8891006708145142;-0.9458903074264526;2003-07-13
-0.8342068195343018;-0.8834325671195984;-0.9456915259361267;2003-07-14
-0.8317574858665466;-0.8834964036941528;-0.9457447528839111;2003-07-15
-0.8275929093360901;-0.8789581656455994;-0.9352937936782837;2003-07-16
-0.8276233673095703;-0.8774772882461548;-0.9181409478187561;2003-07-17
-0.8349274396896362;-0.8715932369232178;-0.9131626486778259;2003-07-18
-0.8424335718154907;-0.8687921166419983;-0.9214789271354675;2003-07-19
-0.8520496487617493;-0.8706780076026917;-0.9330345988273621;2003-07-20
-0.8612107038497925;-0.8709450364112854;-0.9436020851135254;2003-07-21
-0.8745054006576538;-0.874026358127594;-0.9544370770454407;2003-07-22
-0.8829167485237122;-0.8816211819648743;-0.9632445573806763;2003-07-23
-0.8883799314498901;-0.8890735507011414;-0.9644170999526978;2003-07-24
-0.8858305215835571;-0.8943503499031067;-0.9587520360946655;2003-07-25
-0.880418062210083;-0.8978856801986694;-0.9484644532203674;2003-07-26
-0.8723637461662292;-0.8985909223556519;-0.9348975419998169;2003-07-27
-0.8713510036468506;-0.9028303027153015;-0.929905116558075;2003-07-28
-0.8678212761878967;-0.8965733647346497;-0.9261875152587891;2003-07-29
-0.8758680820465088;-0.9040811061859131;-0.9292822480201721;2003-07-30
-0.8753970265388489;-0.8944977521896362;-0.9345898032188416;2003-07-31
-0.8771460056304932;-0.9042072892189026;-0.9444507956504822;2003-08-01
-0.8846055865287781;-0.9012442827224731;-0.9569444060325623;2003-08-02
-0.8853559494018555;-0.9046347737312317;-0.9679917097091675;2003-08-03
-0.8850050568580627;-0.8999620079994202;-0.9740686416625977;2003-08-04
-0.8840697407722473;-0.8964985609054565;-0.9774456024169922;2003-08-05
-0.8802520632743835;-0.8888291120529175;-0.9759535789489746;2003-08-06
-0.8797030448913574;-0.8904241323471069;-0.9727609753608704;2003-08-07
-0.8764674067497253;-0.8879303336143494;-0.9655427932739258;2003-08-08
-0.8735102415084839;-0.8904726505279541;-0.9549818634986877;2003-08-09
-0.8681417107582092;-0.8872323632240295;-0.9435587525367737;2003-08-10
-0.862804651260376;-0.8934662938117981;-0.9332053065299988;2003-08-11
-0.8594369888305664;-0.8886420130729675;-0.9255526065826416;2003-08-12
-0.8510957360267639;-0.8889296054840088;-0.9203835129737854;2003-08-13
-0.8460233211517334;-0.8861414790153503;-0.9169533848762512;2003-08-14
-0.8448851704597473;-0.8843082189559937;-0.9185722470283508;2003-08-15
-0.8389555215835571;-0.8760063648223877;-0.9209152460098267;2003-08-16
-0.8338943123817444;-0.8601230978965759;-0.9248831272125244;2003-08-17
-0.8337734937667847;-0.8522856831550598;-0.9326545000076294;2003-08-18
-0.8409644365310669;-0.8470550775527954;-0.9469668865203857;2003-08-19
-0.848549485206604;-0.8482595086097717;-0.9596668481826782;2003-08-20
-0.8549343347549438;-0.853760302066803;-0.9672231078147888;2003-08-21
-0.8642670512199402;-0.8617246747016907;-0.9720763564109802;2003-08-22
-0.8652717471122742;-0.8704513907432556;-0.9689140915870667;2003-08-23
-0.8605587482452393;-0.8710745573043823;-0.9584640860557556;2003-08-24
-0.845784068107605;-0.8681381940841675;-0.9393824338912964;2003-08-25
-0.833467423915863;-0.8685084581375122;-0.924275279045105;2003-08-26
-0.8252183198928833;-0.8672963380813599;-0.9129763245582581;2003-08-27
-0.8260794878005981;-0.8639706373214722;-0.9133833050727844;2003-08-28
-0.8300659656524658;-0.8765449523925781;-0.919397234916687;2003-08-29
-0.8380953669548035;-0.8702697157859802;-0.9279941916465759;2003-08-30
-0.8346917033195496;-0.8664326667785645;-0.9364509582519531;2003-08-31
-0.8380773067474365;-0.8611360788345337;-0.9477225542068481;2003-09-01
-0.8474267721176147;-0.8568903803825378;-0.9567031264305115;2003-09-02
-0.8565309643745422;-0.859963595867157;-0.9621564149856567;2003-09-03
-0.8629019260406494;-0.854603111743927;-0.9672198295593262;2003-09-04
-0.8669897317886353;-0.8576093912124634;-0.9669976234436035;2003-09-05
-0.8664380311965942;-0.8658487796783447;-0.9650506973266602;2003-09-06
-0.86207515001297;-0.8609971404075623;-0.962519645690918;2003-09-07
-0.8540271520614624;-0.8594121336936951;-0.9582530856132507;2003-09-08
-0.847983717918396;-0.8618485331535339;-0.9497071504592896;2003-09-09
-0.841857373714447;-0.8626285195350647;-0.9414722919464111;2003-09-10
-0.8319541811943054;-0.8701287508010864;-0.9285036325454712;2003-09-11
-0.8238770961761475;-0.8559002876281738;-0.9165451526641846;2003-09-12
-0.8166279196739197;-0.8475123047828674;-0.9069989323616028;2003-09-13
-0.8112182021141052;-0.8348698616027832;-0.9068574905395508;2003-09-14
-0.8292000889778137;-0.8420441746711731;-0.913760244846344;2003-09-15
-0.840835452079773;-0.8448829054832458;-0.9226575493812561;2003-09-16
-0.8520632982254028;-0.8478863835334778;-0.9394603967666626;2003-09-17
-0.8696248531341553;-0.8472108840942383;-0.9612392783164978;2003-09-18
-0.8767473101615906;-0.8551461696624756;-0.9756810665130615;2003-09-19
-0.8763437271118164;-0.8563026785850525;-0.9811463356018066;2003-09-20
-0.8658159971237183;-0.8601746559143066;-0.9681128859519958;2003-09-21
-0.8529280424118042;-0.8536133766174316;-0.9472570419311523;2003-09-22
-0.8386394381523132;-0.8594245910644531;-0.9193068146705627;2003-09-23
-0.812559962272644;-0.8470457196235657;-0.8892859816551208;2003-09-24
-0.8103759288787842;-0.8327774405479431;-0.8815330862998962;2003-09-25
-0.8162575364112854;-0.8279463052749634;-0.8707016110420227;2003-09-26
-0.8099378347396851;-0.8254092335700989;-0.8701783418655396;2003-09-27
-0.8037576675415039;-0.8244876861572266;-0.8742895126342773;2003-09-28
-0.8064683079719543;-0.8310027718544006;-0.8858663439750671;2003-09-29
-0.8173361420631409;-0.830510139465332;-0.8958893418312073;2003-09-30
-0.8262045979499817;-0.8470223546028137;-0.902104914188385;2003-10-01
-0.8327882885932922;-0.842796266078949;-0.906445324420929;2003-10-02
-0.8350844979286194;-0.8336999416351318;-0.9170747995376587;2003-10-03
-0.8300883173942566;-0.8256446719169617;-0.9242291450500488;2003-10-04
-0.8222948312759399;-0.820313036441803;-0.9310852885246277;2003-10-05
-0.8202291131019592;-0.8239479660987854;-0.9352010488510132;2003-10-06
-0.820853590965271;-0.8322671055793762;-0.932239830493927;2003-10-07
-0.8172563314437866;-0.8388767838478088;-0.9233110547065735;2003-10-08
-0.8059700727462769;-0.8343470692634583;-0.9078102111816406;2003-10-09
-0.7990612387657166;-0.8292290568351746;-0.8906792998313904;2003-10-10
-0.7894559502601624;-0.823300302028656;-0.8746827840805054;2003-10-11
-0.785812258720398;-0.8205150365829468;-0.8650723695755005;2003-10-12
-0.7849456667900085;-0.8272924423217773;-0.8624088764190674;2003-10-13
-0.79155433177948;-0.8199169039726257;-0.8679450154304504;2003-10-14
-0.8070980310440063;-0.8234376907348633;-0.8778987526893616;2003-10-15
-0.8210760354995728;-0.8299778699874878;-0.8900524377822876;2003-10-16
-0.8443973660469055;-0.8406543135643005;-0.9075207710266113;2003-10-17
-0.8768875002861023;-0.8784195184707642;-0.9260971546173096;2003-10-18
-0.914510190486908;-0.9104439616203308;-0.9400781989097595;2003-10-19
-0.9464494585990906;-0.9419244527816772;-0.9432822465896606;2003-10-20
-0.9202956557273865;-0.8920634984970093;-0.9376544952392578;2003-10-21
-0.887968897819519;-0.8784863352775574;-0.9312472939491272;2003-10-22
-0.8655568361282349;-0.8832023739814758;-0.9248901605606079;2003-10-23
-0.8550745844841003;-0.8844271898269653;-0.924027144908905;2003-10-24
-0.8488737940788269;-0.889235258102417;-0.9262758493423462;2003-10-25
-0.8717142939567566;-0.9178365468978882;-0.9332660436630249;2003-10-26
-0.8649535179138184;-0.9158269762992859;-0.9323347806930542;2003-10-27
-0.8834288716316223;-0.9289090633392334;-0.9319652915000916;2003-10-28
-0.8755121827125549;-0.9234551191329956;-0.9322564005851746;2003-10-29
-0.8728294372558594;-0.9040428996086121;-0.931046187877655;2003-10-30
-0.8690518736839294;-0.8801165223121643;-0.9333162903785706;2003-10-31
-0.8598904013633728;-0.8731915950775146;-0.934937596321106;2003-11-01
-0.8536564111709595;-0.8648846745491028;-0.9290652275085449;2003-11-02
-0.8438299894332886;-0.8448969125747681;-0.923695981502533;2003-11-03
-0.83199143409729;-0.8364180326461792;-0.9187027215957642;2003-11-04
-0.8312779664993286;-0.83878093957901;-0.9228873252868652;2003-11-05
-0.8214600086212158;-0.8418919444084167;-0.9225161075592041;2003-11-06
-0.813559889793396;-0.8426808714866638;-0.9195072054862976;2003-11-07
-0.8065471053123474;-0.8437121510505676;-0.9128431677818298;2003-11-08
-0.8047253489494324;-0.8492735028266907;-0.9072761535644531;2003-11-09
-0.803095281124115;-0.8550333380699158;-0.9045377373695374;2003-11-10
-0.7995802164077759;-0.8447707891464233;-0.9024010300636292;2003-11-11
-0.7992032766342163;-0.8350476622581482;-0.90483158826828;2003-11-12
-0.8054247498512268;-0.8341272473335266;-0.910496711730957;2003-11-13
-0.8194882869720459;-0.8384447693824768;-0.9254943132400513;2003-11-14
-0.8391661643981934;-0.8523238301277161;-0.9403201341629028;2003-11-15
-0.8529555797576904;-0.8633458614349365;-0.949547290802002;2003-11-16
-0.856711208820343;-0.8604689836502075;-0.9463560581207275;2003-11-17
-0.8565353751182556;-0.8610193729400635;-0.9376912117004395;2003-11-18
-0.8553755879402161;-0.8736416697502136;-0.923457682132721;2003-11-19
-0.8438267111778259;-0.8559710383415222;-0.9119096994400024;2003-11-20
-0.8295620083808899;-0.8565030097961426;-0.9029054045677185;2003-11-21
-0.8229506611824036;-0.8451289534568787;-0.8970898985862732;2003-11-22
-0.8204777240753174;-0.8419714570045471;-0.8935049772262573;2003-11-23
-0.8191819190979004;-0.8386884331703186;-0.895050048828125;2003-11-24
-0.8166854381561279;-0.8294785618782043;-0.8939300775527954;2003-11-25
-0.8129150867462158;-0.8164651989936829;-0.8911294341087341;2003-11-26
-0.7941585779190063;-0.8044356107711792;-0.887405514717102;2003-11-27
-0.7863267660140991;-0.8019936084747314;-0.890008270740509;2003-11-28
-0.8012770414352417;-0.8061026930809021;-0.9023178219795227;2003-11-29
-0.8212764263153076;-0.8233224749565125;-0.9174754619598389;2003-11-30
-0.8421475291252136;-0.8323193788528442;-0.9316200017929077;2003-12-01
-0.8619652390480042;-0.8514852523803711;-0.9432774186134338;2003-12-02
-0.8743374347686768;-0.8339349627494812;-0.9561406970024109;2003-12-03
-0.872826874256134;-0.8419260382652283;-0.9556410908699036;2003-12-04
-0.8582923412322998;-0.8263641595840454;-0.9408077001571655;2003-12-05
-0.8391759991645813;-0.8160415887832642;-0.921085774898529;2003-12-06
-0.8215944766998291;-0.8027130365371704;-0.9005728960037231;2003-12-07
-0.8129708170890808;-0.8090029358863831;-0.8763951063156128;2003-12-08
-0.8027695417404175;-0.811826765537262;-0.8564790487289429;2003-12-09
-0.8100240230560303;-0.8018559813499451;-0.8543111681938171;2003-12-10
-0.8157020807266235;-0.7933336496353149;-0.8542466759681702;2003-12-11
-0.8174548745155334;-0.7942138910293579;-0.8590340614318848;2003-12-12
-0.8300269246101379;-0.8061285018920898;-0.8677172660827637;2003-12-13
-0.8557450771331787;-0.8092978000640869;-0.8809288740158081;2003-12-14
-0.8606418371200562;-0.8270530104637146;-0.8824251890182495;2003-12-15
-0.8885272145271301;-0.8195876479148865;-0.884387731552124;2003-12-16
-0.8721287846565247;-0.8332363367080688;-0.8833363652229309;2003-12-17
-0.8732666373252869;-0.8422876000404358;-0.8895062804222107;2003-12-18
-0.8765053153038025;-0.8573040962219238;-0.8930297493934631;2003-12-19
-0.8634387850761414;-0.8581964373588562;-0.887846052646637;2003-12-20
-0.855847179889679;-0.8327134251594543;-0.8901832699775696;2003-12-21
-0.8450965881347656;-0.823691725730896;-0.8931379318237305;2003-12-22
-0.8408035039901733;-0.8140465617179871;-0.8907302618026733;2003-12-23
-0.8257836103439331;-0.80906081199646;-0.8861411809921265;2003-12-24
-0.8172484636306763;-0.8016557097434998;-0.8829907178878784;2003-12-25
-0.8134263157844543;-0.7847722768783569;-0.8902133107185364;2003-12-26
-0.8136328458786011;-0.7942344546318054;-0.89829421043396;2003-12-27
-0.819116473197937;-0.7973821759223938;-0.9096472263336182;2003-12-28
-0.8325240015983582;-0.7969906330108643;-0.9200790524482727;2003-12-29
-0.8410494923591614;-0.8063491582870483;-0.9297515749931335;2003-12-30
-0.8493494987487793;-0.8021492958068848;-0.9324657320976257;2003-12-31
